site_id;commune_id;fid;gid;parent_site_id;code_insee;longitude;latitude;external_ids;infrastructure_type;geometrie_wkt;site_name
100017792;INSEE_69256;pvo_patrimoine_voirie.pvocomptagesite.100017792;100017792;;69256;4,93579835;45,77052963;;;POINT (4.935798346996308 45.770529629835806);Vaulx en Velin_Pont de la Sucrerie
100017793;INSEE_69275;pvo_patrimoine_voirie.pvocomptagesite.100017793;100017793;;69275;4,9543418;45,77486441;;;POINT (4.954341799020768 45.77486440927123);Décines_Passerelle Nelson Mandela
100024515;INSEE_69266;pvo_patrimoine_voirie.pvocomptagesite.100024515;100024515;;69266;4,89186913;45,78391267;;;POINT (4.8918691277503985 45.78391266659732);Villeurbanne_Pont de Croix-Luizet
100026724;INSEE_69259;pvo_patrimoine_voirie.pvocomptagesite.100026724;100026724;;69259;4,88743544;45,72246529;;;POINT (4.88743543624878 45.72246529189946);Lyon 8/Vénissieux_Boulevard Pinel
69149.00072.12;INSEE_69600;pvo_patrimoine_voirie.pvocomptagesite.69149.00072.12;69149.00072.12;69149.00072.12;69600;4,81512527;45,7168309;;OTHER SPECIFIC SITE;POINT (4.81512527 45.7168309);OULLINS_Gare routière
69194.00013.02;INSEE_69370;pvo_patrimoine_voirie.pvocomptagesite.69194.00013.02;69194.00013.02;69194.00013.02;69370;4,79834119;45,81053311;;OTHER SPECIFIC SITE;POINT (4.798341188 45.81053311);SAINT DIDIER_59 Avenue de la République
69256.00190.02;INSEE_69120;pvo_patrimoine_voirie.pvocomptagesite.69256.00190.02;69256.00190.02;69256.00190.02;69120;4,92249899;45,77940946;;OTHER SPECIFIC SITE;POINT (4.92249899 45.77940946);VAULX EN VELIN_AVENUE DES CANUTS
69381.01593.03;INSEE_69381;pvo_patrimoine_voirie.pvocomptagesite.69381.01593.03;69381.01593.03;69381.01593.03;69381;4,836083;45,767219;;OTHER SPECIFIC SITE;POINT (4.836083 45.767219);Lyon 1_1 Rue République
69383.02028.03;INSEE_69383;pvo_patrimoine_voirie.pvocomptagesite.69383.02028.03;69383.02028.03;69383.02028.03;69383;4,8449712;45,7631526;;OTHER SPECIFIC SITE;POINT (4.8449712 45.7631526);Lyon 3_ 60 Av. Maréchal Saxe
69384.00008.03;INSEE_69384;pvo_patrimoine_voirie.pvocomptagesite.69384.00008.03;69384.00008.03;69384.00008.03;69384;4,828177;45,774059;;OTHER SPECIFIC SITE;POINT (4.828177 45.774059);Lyon 4_FACE N° 125 BOULEVARD DE LA CROIX ROUSSE
69384.00009.03;INSEE_69384;pvo_patrimoine_voirie.pvocomptagesite.69384.00009.03;69384.00009.03;69384.00009.03;69384;4,827504;45,774064;;OTHER SPECIFIC SITE;POINT (4.827504 45.774064);Lyon 4_DEV N° 125 BOULEVARD DE LA CROIX ROUSSE
69385.00698.03;INSEE_69385;pvo_patrimoine_voirie.pvocomptagesite.69385.00698.03;69385.00698.03;69385.00698.03;69385;4,826921;45,760099;;OTHER SPECIFIC SITE;POINT (4.826921 45.760099);Lyon 5_6 AVENUE ADOLPHE MAX
69386.00131.02;INSEE_69386;pvo_patrimoine_voirie.pvocomptagesite.69386.00131.02;69386.00131.02;69386.00131.02;69386;4,856753;45,763712;;OTHER SPECIFIC SITE;POINT (4.856753 45.763712);Lyon6_ 177 COURS LAFAYETTE
69386.01392.03;INSEE_69386;pvo_patrimoine_voirie.pvocomptagesite.69386.01392.03;69386.01392.03;69386.01392.03;69386;4,843853;45,769124;;OTHER SPECIFIC SITE;POINT (4.843853 45.769124);Lyon 6_60 Av. Maréchal Foch
69386.02029.02;INSEE_69386;pvo_patrimoine_voirie.pvocomptagesite.69386.02029.02;69386.02029.02;69386.02029.02;69386;4,84395;45,768284;;OTHER SPECIFIC SITE;POINT (4.84395 45.768284);Lyon 6_ 4 Av. Maréchal Saxe
69386.02038.04;INSEE_69386;pvo_patrimoine_voirie.pvocomptagesite.69386.02038.04;69386.02038.04;69386.02038.04;69386;4,8449405;45,7640248;;OTHER SPECIFIC SITE;POINT (4.8449405 45.7640248);Lyon 6_ 45 Av. Maréchal Saxe
69387.01750.03;INSEE_69387;pvo_patrimoine_voirie.pvocomptagesite.69387.01750.03;69387.01750.03;69387.01750.03;69387;4,846709;45,753462;;OTHER SPECIFIC SITE;POINT (4.846709 45.753462);Lyon 7_4 Av. J.Jaurès
100026725;INSEE_69383;pvo_patrimoine_voirie.pvocomptagesite.100026725;100026725;;69383;4,8603934;45,74932982;;;POINT (4.860393404960633 45.74932982131679);Lyon 3/8_Cours Albert Thomas
100026957;INSEE_69127;pvo_patrimoine_voirie.pvocomptagesite.100026957;100026957;;69127;4,7143373;45,78857;;;POINT (4.7143373 45.78857);LxL_Varennes
100026959;INSEE_69029;pvo_patrimoine_voirie.pvocomptagesite.100026959;100026959;;69029;4,913577;45,72224;;;POINT (4.913577 45.72224);PdP_Portique Hippodrome
100026960;INSEE_69029;pvo_patrimoine_voirie.pvocomptagesite.100026960;100026960;;69029;4,8999634;45,72252;;;POINT (4.8999634 45.72252);PdP_Pépinière
100026958;INSEE_69127;pvo_patrimoine_voirie.pvocomptagesite.100026958;100026958;;69127;4,7191715;45,785072;;;POINT (4.7191715 45.785072);LxL_Chemin de la Gare Avant 02/05/2016
100029813;INSEE_69127;pvo_patrimoine_voirie.pvocomptagesite.100029813;100029813;;69127;4,723299;45,78607;;;POINT (4.723299 45.78607);LxL Piétons cumulés (formule)
100029814;INSEE_69259;pvo_patrimoine_voirie.pvocomptagesite.100029814;100029814;;69259;4,9023447;45,720642;;;POINT (4.9023447 45.720642);PdP Piétons cumulés IN (formule)
100027497;INSEE_69123;pvo_patrimoine_voirie.pvocomptagesite.100027497;100027497;;69123;4,83677924;45,75196877;;;POINT (4.836779236793518 45.7519687746218);Lyon 7_Pont de l'Université
100029812;INSEE_69029;pvo_patrimoine_voirie.pvocomptagesite.100029812;100029812;;69029;4,91405947;45,7220675;;;POINT (4.91405946657385 45.7220674960635);PdP Entrée Hippodrome
100029817;INSEE_69259;pvo_patrimoine_voirie.pvocomptagesite.100029817;100029817;;69259;4,89279373;45,71907496;;;POINT (4.89279373280928 45.7190749590872);PdP Entrée Clos-Verger Sud
100029818;INSEE_69259;pvo_patrimoine_voirie.pvocomptagesite.100029818;100029818;;69259;4,89429551;45,72172872;;;POINT (4.8942955133538 45.7217287195023);PdP Entrée Clos-Verger Nord
100029815;INSEE_69259;pvo_patrimoine_voirie.pvocomptagesite.100029815;100029815;;69259;4,901522;45,721073;;;POINT (4.901522 45.721073);PdP Vélos cumulés IN (formule)
100029820;INSEE_69029;pvo_patrimoine_voirie.pvocomptagesite.100029820;100029820;;69029;4,89440874;45,72847514;;;POINT (4.89440873611134 45.7284751365294);PdP Entrée Honneur
100029821;INSEE_69029;pvo_patrimoine_voirie.pvocomptagesite.100029821;100029821;;69029;4,90046264;45,72608293;;;POINT (4.90046263759214 45.7260829300728);PdP Entrée Rossignol
100053306;INSEE_69123;pvo_patrimoine_voirie.pvocomptagesite.100053306;100053306;;69123;4,82839802;45,74807048;;;POINT (4.828398017738622 45.74807048257568);Lyon 2_Rue Antoine Delandine
300037755;INSEE_69256;pvo_patrimoine_voirie.pvocomptagesite.300037755;300037755;;69256;4,94204521;45,78079823;;;POINT (4.942045211791993 45.780798226482744);STOCK_X2H17041932 COMBO 3G
300039243;INSEE_69266;pvo_patrimoine_voirie.pvocomptagesite.300039243;300039243;;69266;4,91892725;45,76449742;;;POINT (4.918927252292634 45.764497421058266);Villeurbanne_L.Blum_Poudrette
100030102;INSEE_69123;pvo_patrimoine_voirie.pvocomptagesite.100030102;100030102;;69123;4,83522033;45,74442655;;;POINT (4.835220332033199 45.74442654681239);Lyon 7_Yves Farge
100013842;INSEE_69123;pvo_patrimoine_voirie.pvocomptagesite.100013842;100013842;;69123;4,821243;45,732002;;;POINT (4.821243 45.732002);Lyon 7_Pont Raymond Barre
100017787;INSEE_69256;pvo_patrimoine_voirie.pvocomptagesite.100017787;100017787;;69256;4,93568569;45,7706475;;;POINT (4.935685694217683 45.77064749838517);Vaulx en Velin_Chemin contre-halage Pont de la Sucrerie
100017788;INSEE_69282;pvo_patrimoine_voirie.pvocomptagesite.100017788;100017788;;69282;4,99085605;45,79559261;;;POINT (4.990856051445008 45.795592605137955);Meyzieu_Pont d'Herbens
100017789;INSEE_69256;pvo_patrimoine_voirie.pvocomptagesite.100017789;100017789;;69256;4,91823658;45,76698223;;;POINT (4.918236583471299 45.76698223122747);Vaulx en Velin_Chemin contre-halage rue Victor Jara
100029837;INSEE_69259;pvo_patrimoine_voirie.pvocomptagesite.100029837;100029837;;69259;4,89917261;45,71321068;;;POINT (4.89917261289047 45.7132106822791);PdP Berliet Voie Verte
100043598;INSEE_69383;pvo_patrimoine_voirie.pvocomptagesite.100043598;100043598;;69383;4,85958247;45,75705616;;;POINT (4.859582468769954 45.75705615504168);Lyon 3_Rue Paul Bert
100043680;INSEE_69383;pvo_patrimoine_voirie.pvocomptagesite.100043680;100043680;;69383;4,84106541;45,76062217;;;POINT (4.841065406799317 45.76062216864516);Lyon 3_Quai du Rhône rive gauche
100045777;INSEE_69123;pvo_patrimoine_voirie.pvocomptagesite.100045777;100045777;;69123;4,84434277;45,77784354;;;POINT (4.844342771443828 45.77784354164504);Lyon 6_Pont Winston Churchill
100046125;INSEE_69127;pvo_patrimoine_voirie.pvocomptagesite.100046125;100046125;;69127;4,73005966;45,78494309;;;POINT (4.730059660446155 45.784943089461);LxL_Potager
69387.00040.02;INSEE_69387;pvo_patrimoine_voirie.pvocomptagesite.69387.00040.02;69387.00040.02;69387.00040.02;69387;4,843493;45,755089;;OTHER SPECIFIC SITE;POINT (4.843493 45.755089);Lyon7_18 COURS GAMBETTA
100046126;INSEE_69259;pvo_patrimoine_voirie.pvocomptagesite.100046126;100046126;;69259;4,90014403;45,71352213;;;POINT (4.900144027137421 45.71352213096457);PdP_Parking Berliet
100028454;INSEE_69256;pvo_patrimoine_voirie.pvocomptagesite.100028454;100028454;;69256;4,92692;45,79852;;;POINT (4.92692 45.79852);GRAND PARC_VIARHONA-DUCLOS
100002047;INSEE_69282;pvo_patrimoine_voirie.pvocomptagesite.100002047;100002047;;69282;4,97861;45,79438;;;POINT (4.97861 45.79438);GRAND PARC_VIARHONA-ALLIVOZ
69266.00541.02;INSEE_69100;pvo_patrimoine_voirie.pvocomptagesite.69266.00541.02;69266.00541.02;69266.00541.02;69100;4,92107086;45,7606196;;OTHER SPECIFIC SITE;POINT (4.92107086 45.7606196);Villeurbanne_47 rue de la poudrette
69266.00611.02;INSEE_69100;pvo_patrimoine_voirie.pvocomptagesite.69266.00611.02;69266.00611.02;69266.00611.02;69100;4,92128394;45,75746732;;OTHER SPECIFIC SITE;POINT (4.9212839429 45.75746732);VILLEURBANNE_128 rue de la Poudrette
69382.00647.02;INSEE_69382;pvo_patrimoine_voirie.pvocomptagesite.69382.00647.02;69382.00647.02;69382.00647.02;69382;4,834213;45,757769;;OTHER SPECIFIC SITE;POINT (4.834213 45.757769);Lyon 2_ 15 Place Bellecour
69382.00652.02;INSEE_69382;pvo_patrimoine_voirie.pvocomptagesite.69382.00652.02;69382.00652.02;69382.00652.02;69382;4,834302;45,7631979;;OTHER SPECIFIC SITE;POINT (4.834302 45.7631979);Lyon 2_1 Place Francis Regaud
69382.02085.03;INSEE_69382;pvo_patrimoine_voirie.pvocomptagesite.69382.02085.03;69382.02085.03;69382.02085.03;69382;4,8359873;45,766774;;OTHER SPECIFIC SITE;POINT (4.8359873 45.766774);Lyon 1_4 Rue République
100030891;INSEE_69127;pvo_patrimoine_voirie.pvocomptagesite.100030891;100030891;;69127;4,72044434;45,79415374;;;POINT (4.7204443418074735 45.79415374275015);LxL_Grande-Rivière Avant 28/05/2019
100030143;INSEE_69384;pvo_patrimoine_voirie.pvocomptagesite.100030143;100030143;;69384;4,813997;45,77463;;;POINT (4.813997 45.77463);Lyon 4_Tunnel de la Croix-Rousse
100030892;INSEE_69034;pvo_patrimoine_voirie.pvocomptagesite.100030892;100030892;;69034;4,85426168;45,78797368;;;POINT (4.854261678031708 45.78797367979019);GRAND PARC_Caluire_Passerelle de la Paix_Avant 27/05/19
100042249;INSEE_69389;pvo_patrimoine_voirie.pvocomptagesite.100042249;100042249;;69389;4,80833259;45,77847191;;;POINT (4.808332590112999 45.77847191024936);Lyon 9_Passerelle Masaryk
100042251;INSEE_69029;pvo_patrimoine_voirie.pvocomptagesite.100042251;100042251;;69029;4,91132406;45,75017218;;;POINT (4.911324059811716 45.75017218219138);Bron/Villeurbanne_Route de Genas_EN TRAVAUX TRAM
100032820;INSEE_69123;pvo_patrimoine_voirie.pvocomptagesite.100032820;100032820;;69123;4,81397175;45,77017842;;;POINT (4.813971745420247 45.77017842091873);Lyon 1_Pont Koenig
100042252;INSEE_69259;pvo_patrimoine_voirie.pvocomptagesite.100042252;100042252;;69259;4,85452741;45,71689607;;;POINT (4.854527413845063 45.71689607160133);Vénissieux_Route de Vienne_Bonnevay
100046130;INSEE_69029;pvo_patrimoine_voirie.pvocomptagesite.100046130;100046130;;69029;4,89203679;45,72897693;;;POINT (4.892036786251028 45.728976926846734);PdP_Serres
100046131;INSEE_69127;pvo_patrimoine_voirie.pvocomptagesite.100046131;100046131;;69127;4,71901208;45,79381069;;;POINT (4.719012084985512 45.793810686409905);LxL_Tamina
100046132;INSEE_69029;pvo_patrimoine_voirie.pvocomptagesite.100046132;100046132;;69029;4,90944944;45,72392441;;;POINT (4.909449436381634 45.72392440716075);PdP_Hippodrome_Allée du Laricio
100046133;INSEE_69250;pvo_patrimoine_voirie.pvocomptagesite.100046133;100046133;;69250;4,73002587;45,78867674;;;POINT (4.730025869706789 45.78867674441574);LxL_Parcelle 91
300039241;INSEE_69389;pvo_patrimoine_voirie.pvocomptagesite.300039241;300039241;;69389;4,79870796;45,76916196;;;POINT (4.798707962036134 45.7691619622644);Lyon 9_Gorge du Loup_Apollinaire
300039242;INSEE_69389;pvo_patrimoine_voirie.pvocomptagesite.300039242;300039242;;69389;4,78613377;45,78686608;;;POINT (4.786133766174317 45.78686608000375);Lyon 9_Ben Gourion_Le Pérollier
300063893;INSEE_69029;pvo_patrimoine_voirie.pvocomptagesite.300063893;300063893;;69029;4,89495635;45,7229896;;;POINT (4.894956350326539 45.72298960146624);PDP_Nano_Chemin du Lezard
300039245;INSEE_69389;pvo_patrimoine_voirie.pvocomptagesite.300039245;300039245;;69389;4,8084417;45,7846646;;;POINT (4.808441698551179 45.7846645954339);Lyon 9_St Cyr_Pont SNCF Nord Est
100030106;INSEE_69123;pvo_patrimoine_voirie.pvocomptagesite.100030106;100030106;;69123;4,8634994;45,73465047;;;POINT (4.863499402999878 45.734650472341144);Lyon 8_Etats-Unis
100030107;INSEE_69259;pvo_patrimoine_voirie.pvocomptagesite.100030107;100030107;;69259;4,8684998;45,719315;;;POINT (4.8684998 45.719315);Vénissieux_F.Pressensé_Lévy
100032802;INSEE_69029;pvo_patrimoine_voirie.pvocomptagesite.100032802;100032802;;69029;4,9135427;45,722305;;;POINT (4.9135427 45.722305);Bron_Parc Parilly_Turfistes
100032819;INSEE_69029;pvo_patrimoine_voirie.pvocomptagesite.100032819;100032819;;69029;4,89245653;45,7240457;;;POINT (4.892456531524659 45.724045695798694);Bron/Vénissieux_Balmes
100032821;INSEE_69123;pvo_patrimoine_voirie.pvocomptagesite.100032821;100032821;;69123;4,8210568;45,73212806;;;POINT (4.8210567985678185 45.73212805959342);Lyon 7_Pont Raymond Barre
100032822;INSEE_69123;pvo_patrimoine_voirie.pvocomptagesite.100032822;100032822;;69123;4,8606963;45,750477;;;POINT (4.8606963 45.750477);Lyon 3_Mouton Duvernet
100032824;INSEE_69123;pvo_patrimoine_voirie.pvocomptagesite.100032824;100032824;;69123;4,8606103;45,74926059;;;POINT (4.860610298093206 45.74926058879285);Lyon 3/8_Albert Thomas
100032825;INSEE_69282;pvo_patrimoine_voirie.pvocomptagesite.100032825;100032825;;69282;4,99098068;45,79470417;;;POINT (4.990980681015831 45.79470417188881);Meyzieu_Pont d'Herbens
100032826;INSEE_69123;pvo_patrimoine_voirie.pvocomptagesite.100032826;100032826;;69123;4,8227634;45,751343;;;POINT (4.8227633999999995 45.751343);Lyon 2_Pont Kitchener Marchand
100032828;INSEE_69123;pvo_patrimoine_voirie.pvocomptagesite.100032828;100032828;;69123;4,83358741;45,74797848;;;POINT (4.833587408065797 45.74797847919331);Lyon 7_Pont Galliéni
100032830;INSEE_69256;pvo_patrimoine_voirie.pvocomptagesite.100032830;100032830;;69256;4,93559182;45,77096556;;;POINT (4.9355918169021615 45.77096555513254);Vaulx en Velin_Pont de la Sucrerie
100032832;INSEE_69256;pvo_patrimoine_voirie.pvocomptagesite.100032832;100032832;;69256;4,93635356;45,77075227;;;POINT (4.936353564262391 45.77075227021992);Vaulx en Velin_Contre-halage Sucrerie
100032833;INSEE_69275;pvo_patrimoine_voirie.pvocomptagesite.100032833;100032833;;69275;4,9540776;45,77523108;;;POINT (4.9540776014328 45.77523108210597);Décines_Passerelle Nelson Mandela
100032834;INSEE_69275;pvo_patrimoine_voirie.pvocomptagesite.100032834;100032834;;69275;4,95364308;45,77460624;;;POINT (4.953643083572388 45.774606240216734);Décines_Contre-halage passerelle N. Mandela
100032835;INSEE_69256;pvo_patrimoine_voirie.pvocomptagesite.100032835;100032835;;69256;4,9182854;45,767006;;;POINT (4.9182854 45.767006);Vaulx en Velin_Contre-halage Hippodrome
100032836;INSEE_69266;pvo_patrimoine_voirie.pvocomptagesite.100032836;100032836;;69266;4,89185877;45,78389469;;;POINT (4.891858771688828 45.78389468794958);Villeurbanne_Pont de Croix Luizet
100032838;INSEE_69123;pvo_patrimoine_voirie.pvocomptagesite.100032838;100032838;;69123;4,81398582;45,77464366;;;POINT (4.813985824584962 45.774643656095776);Lyon 4_Tube Modes Doux (Birmingham)
100034428;INSEE_69123;pvo_patrimoine_voirie.pvocomptagesite.100034428;100034428;;69123;4,83;45,766754;;;POINT (4.83 45.766754);Lyon 1_Pont la Feuillée OE corrigé
100034429;INSEE_69123;pvo_patrimoine_voirie.pvocomptagesite.100034429;100034429;;69123;4,830009;45,76674;;;POINT (4.830009 45.76674);Lyon 1_Pont la Feuillée EO corrigé
100033492;INSEE_69259;pvo_patrimoine_voirie.pvocomptagesite.100033492;100033492;;69259;4,8956227;45,722248;;;POINT (4.8956227 45.722248);Bron_Parc Parilly_Jeunesse
100034859;INSEE_69123;pvo_patrimoine_voirie.pvocomptagesite.100034859;100034859;;69123;4,836061;45,752243;;;POINT (4.836061 45.752243);Lyon 7_Pont de l'Université EO corrigé
100034860;INSEE_69123;pvo_patrimoine_voirie.pvocomptagesite.100034860;100034860;;69123;4,836061;45,752243;;;POINT (4.836061 45.752243);Lyon 7_Pont de l'Université OE corrigé
100034861;INSEE_69123;pvo_patrimoine_voirie.pvocomptagesite.100034861;100034861;;69123;4,8362787;45,7521949;;;POINT (4.836278702749292 45.75219489610414);Lyon 7_Pont de l'Université
100043512;INSEE_69266;pvo_patrimoine_voirie.pvocomptagesite.100043512;100043512;;69266;4,87977235;45,76945271;;;POINT (4.8797723509088184 45.76945270810287);Villeurbanne_Emile Zola
300039246;INSEE_69389;pvo_patrimoine_voirie.pvocomptagesite.300039246;300039246;;69389;4,80811447;45,78449625;;;POINT (4.808114469051362 45.784496254038174);Lyon 9_St Cyr_Pont SNCF Sud Ouest
100043681;INSEE_69123;pvo_patrimoine_voirie.pvocomptagesite.100043681;100043681;;69123;4,84518556;45,76281325;;;POINT (4.84518555596444 45.76281324762099);Lyon 3_Avenue Maréchal de Saxe
300039247;INSEE_69383;pvo_patrimoine_voirie.pvocomptagesite.300039247;300039247;;69383;4,8608762;45,75888561;;;POINT (4.860876202583314 45.7588856089619);Lyon 3_G.Pompidou_Pont SNCF
300039580;INSEE_69123;pvo_patrimoine_voirie.pvocomptagesite.300039580;300039580;;69123;4,85867143;45,77007125;;;POINT (4.858671426773072 45.77007124977601);Lyon 6 _Vitton Pont SNCF
69383.01336.03;INSEE_69387;pvo_patrimoine_voirie.pvocomptagesite.69383.01336.03;69383.01336.03;69383.01336.03;69387;4,842054;45,755695;;OTHER SPECIFIC SITE;POINT (4.842054 45.755695);Lyon7_7 COURS GAMBETTA
69383.01432.04;INSEE_69387;pvo_patrimoine_voirie.pvocomptagesite.69383.01432.04;69383.01432.04;69383.01432.04;69387;4,842968;45,756151;;OTHER SPECIFIC SITE;POINT (4.842968 45.756151);Lyon7_81COURS DE LA LIBERTE
300039587;INSEE_69123;pvo_patrimoine_voirie.pvocomptagesite.300039587;300039587;;69123;4,85472724;45,78615907;;;POINT (4.8547272384166735 45.786159070647074);Lyon 6_Passerelle de la Paix
300039588;INSEE_69123;pvo_patrimoine_voirie.pvocomptagesite.300039588;300039588;;69123;4,82001543;45,74875335;;;POINT (4.82001543045044 45.74875335250091);Lyon 2_Quai Rambaud_Promenade
100054729;INSEE_69123;pvo_patrimoine_voirie.pvocomptagesite.100054729;100054729;;69123;4,79547393;45,77359983;;;POINT (4.795473927089331 45.77359983284981);Lyon 9_Bourbonnais
100030470;INSEE_69085;pvo_patrimoine_voirie.pvocomptagesite.100030470;100030470;;69085;4,84667;45,84913;;;POINT (4.84667 45.84913);Sentier de la marinade
100029959;INSEE_69123;pvo_patrimoine_voirie.pvocomptagesite.100029959;100029959;;69123;4,8311033;45,75873;;;POINT (4.8311033 45.75873);Lyon 2_Bellecour_OBSOLETE
300039589;INSEE_69123;pvo_patrimoine_voirie.pvocomptagesite.300039589;300039589;;69123;4,82279897;45,75013929;;;POINT (4.822798969065004 45.75013928747598);Lyon 2_Rue Claudus Collonges
300044277;INSEE_69123;pvo_patrimoine_voirie.pvocomptagesite.300044277;300044277;;69123;4,85912472;45,76826576;;;POINT (4.859124720096589 45.7682657569818);Lyon 3_Emeraudes_Pont SNCF_EN TEST
300048111;INSEE_69296;pvo_patrimoine_voirie.pvocomptagesite.300048111;300048111;;69296;4,81740832;45,64500824;;;POINT (4.817408323287965 45.64500823584761);Solaize_Pont de Vernaison_Rue du Rhone_EN PROJET
300048112;INSEE_69091;pvo_patrimoine_voirie.pvocomptagesite.300048112;300048112;;69091;4,77883279;45,58080241;;;POINT (4.77883279323578 45.58080240806505);Givors_Pont du Rhone route de Givors
300060393;INSEE_69123;pvo_patrimoine_voirie.pvocomptagesite.300060393;300060393;;69123;4,85192433;45,73897119;;;POINT (4.85192432999611 45.73897119161461);Lyon 7_Route de Vienne_Pont SNCF
300063883;INSEE_69259;pvo_patrimoine_voirie.pvocomptagesite.300063883;300063883;;69259;4,90249336;45,71229084;;;POINT (4.902493357658387 45.7122908397457);PDP_Nano_Zay
100030252;INSEE_69123;pvo_patrimoine_voirie.pvocomptagesite.100030252;100030252;;69123;4,84049308;45,76858278;;;POINT (4.840493075917949 45.768582782789686);Lyon 6_Pont Morand
100030584;INSEE_69276;pvo_patrimoine_voirie.pvocomptagesite.100030584;100030584;;69276;4,8757696;45,6712;;;POINT (4.8757696 45.6712);Sentiers des Grandes Terres
100030585;INSEE_69204;pvo_patrimoine_voirie.pvocomptagesite.100030585;100030585;;69204;4,77702;45,687847;;;POINT (4.77702 45.687847);Sentier de Sacuny
100030586;INSEE_69275;pvo_patrimoine_voirie.pvocomptagesite.100030586;100030586;;69275;4,9588695;45,754517;;;POINT (4.9588695 45.754517);Sentier du Biézin nature
100030630;INSEE_69286;pvo_patrimoine_voirie.pvocomptagesite.100030630;100030630;;69286;4,908427;45,81894;;;POINT (4.908427 45.81894);Sentier de Sermenaz
100030638;INSEE_69072;pvo_patrimoine_voirie.pvocomptagesite.100030638;100030638;;69072;4,7575192;45,796566;;;POINT (4.7575192 45.796566);Sentier du bois de Serres
100030640;INSEE_69244;pvo_patrimoine_voirie.pvocomptagesite.100030640;100030640;;69244;4,729683;45,77457;;;POINT (4.729683 45.77457);Sentier jeu de regards
100030642;INSEE_69069;pvo_patrimoine_voirie.pvocomptagesite.100030642;100030642;;69069;4,739413;45,742382;;;POINT (4.739413 45.742382);Sentier du vallon de l‘Yzeron
100030651;INSEE_69191;pvo_patrimoine_voirie.pvocomptagesite.100030651;100030651;;69191;4,808203;45,83286;;;POINT (4.808203 45.83286);Sentier de l‘Homme et du Paysage
100030652;INSEE_69040;pvo_patrimoine_voirie.pvocomptagesite.100030652;100030652;;69040;4,782476;45,809753;;;POINT (4.782476 45.809753);Sentier du ruisseau de Rochecardon
100030659;INSEE_69284;pvo_patrimoine_voirie.pvocomptagesite.100030659;100030659;;69284;4,854068;45,883167;;;POINT (4.854068 45.883167);Boucle du Franc Lyonnais
100030676;INSEE_69296;pvo_patrimoine_voirie.pvocomptagesite.100030676;100030676;;69296;4,815302;45,641506;;;POINT (4.815302 45.641506);Sentier de l‘Homme et du fleuve
100030255;INSEE_69034;pvo_patrimoine_voirie.pvocomptagesite.100030255;100030255;;69034;4,83101249;45,78374245;;;POINT (4.8310124874115 45.78374245244295);Lyon 4_Canuts
100047688;INSEE_69029;pvo_patrimoine_voirie.pvocomptagesite.100047688;100047688;;69029;4,91029;45,7505;;;POINT (4.91029 45.7505);Bron/Villeurbanne_Genas
100047690;INSEE_69123;pvo_patrimoine_voirie.pvocomptagesite.100047690;100047690;;69123;4,85977054;45,75707455;;;POINT (4.859770542026642 45.75707455320546);Lyon 3_Paul Bert
100047692;INSEE_69259;pvo_patrimoine_voirie.pvocomptagesite.100047692;100047692;;69259;4,87359296;45,72168695;;;POINT (4.873592955870234 45.721686953646184);Vénissieux_Joliot-Curie
100047693;INSEE_69259;pvo_patrimoine_voirie.pvocomptagesite.100047693;100047693;;69259;4,85473931;45,71702716;;;POINT (4.85473930835724 45.71702716252009);Vénissieux_Vienne_L.Bonnevay
100047694;INSEE_69259;pvo_patrimoine_voirie.pvocomptagesite.100047694;100047694;;69259;4,88744635;45,72240135;;;POINT (4.887446348466453 45.72240135022086);Vénissieux_Pinel
100048664;INSEE_69123;pvo_patrimoine_voirie.pvocomptagesite.100048664;100048664;;69123;4,84342768;45,77819108;;;POINT (4.843427683650088 45.77819108063529);Lyon 6_Pont Winston Churchill
100057984;INSEE_69123;pvo_patrimoine_voirie.pvocomptagesite.100057984;100057984;;69123;4,82102723;45,7669368;;;POINT (4.8210272277746835 45.76693680306031);Lyon 5_Quai Pierre Scize
100058579;INSEE_69123;pvo_patrimoine_voirie.pvocomptagesite.100058579;100058579;;69123;4,82845342;45,74822154;;;POINT (4.82845342041327 45.748221536394155);Lyon 2_Delandine
100030146;INSEE_69389;pvo_patrimoine_voirie.pvocomptagesite.100030146;100030146;;69389;4,80849534;45,77515251;;;POINT (4.808495342731477 45.775152509558616);Lyon 9_Quai Jayr_Marietton
100030636;INSEE_69127;pvo_patrimoine_voirie.pvocomptagesite.100030636;100030636;;69127;4,71926921;45,78505979;;;POINT (4.719269207964532 45.78505978594454);LXL_Allée Belle Etoile
100031121;INSEE_69256;pvo_patrimoine_voirie.pvocomptagesite.100031121;100031121;;69256;4,94202375;45,78081319;;;POINT (4.942023754119874 45.78081319117552);STOCK_X2H16059678 COMBO 3G
100034819;INSEE_69381;pvo_patrimoine_voirie.pvocomptagesite.100034819;100034819;;69381;4,82990813;45,76664029;;;POINT (4.8299081258078935 45.7666402949662);Lyon 1_Pont La Feuillée
100041017;INSEE_69266;pvo_patrimoine_voirie.pvocomptagesite.100041017;100041017;;69266;4,87438917;45,77044731;;;POINT (4.874389171600343 45.770447308796484);Villeurbanne_Cours Emile Zola
100041018;INSEE_69259;pvo_patrimoine_voirie.pvocomptagesite.100041018;100041018;;69259;4,87348127;45,72181021;;;POINT (4.873481268616309 45.721810211103424);Vénissieux_Boulevard Irène Joliot-Curie
100046134;INSEE_69127;pvo_patrimoine_voirie.pvocomptagesite.100046134;100046134;;69127;4,71006689;45,79096264;;;POINT (4.710066886233992 45.790962642218965);LxL_École Vétérinaire
100046135;INSEE_69259;pvo_patrimoine_voirie.pvocomptagesite.100046135;100046135;;69259;4,89887322;45,71813746;;;POINT (4.898873218895092 45.71813745710455);PdP_Prairie_Allée des écureuils
100046136;INSEE_69250;pvo_patrimoine_voirie.pvocomptagesite.100046136;100046136;;69250;4,73022714;45,78790409;;;POINT (4.73022713798839 45.7879040933196);LxL_Gare Casino
100058580;INSEE_69123;pvo_patrimoine_voirie.pvocomptagesite.100058580;100058580;;69123;4,86035405;45,75376594;;;POINT (4.860354054410854 45.753765942759735);Lyon 3_Felix Faure_Pont SNCF
100058822;INSEE_69266;pvo_patrimoine_voirie.pvocomptagesite.100058822;100058822;;69266;4,86238771;45,77947018;;;POINT (4.862387714685554 45.77947017903065);Villeurbanne_11 Novembre 1918
100046137;INSEE_69029;pvo_patrimoine_voirie.pvocomptagesite.100046137;100046137;;69029;4,89337501;45,72511368;;;POINT (4.893375007693275 45.725113678071345);PdP_Alpestre sud
100046138;INSEE_69271;pvo_patrimoine_voirie.pvocomptagesite.100046138;100046138;;69271;4,96632725;45,75046125;;;POINT (4.9663272513639765 45.750461247459086);ParcsEtJardins_Chassieu_Chemin du Biézin
100047691;INSEE_69383;pvo_patrimoine_voirie.pvocomptagesite.100047691;100047691;;69383;4,84110296;45,76120974;;;POINT (4.841102957725526 45.76120974233474);Lyon 3_Quai Augagneur
100048233;INSEE_69383;pvo_patrimoine_voirie.pvocomptagesite.100048233;100048233;;69383;4,84068946;45,76018037;;;POINT (4.840689461820049 45.76018037071288);Lyon 3_Berge sous Pont Wilson_DEPLACER SUR AUGAGNEUR
100048989;INSEE_69123;pvo_patrimoine_voirie.pvocomptagesite.100048989;100048989;;69123;4,83243925;45,74620513;;;POINT (4.832439247321196 45.74620513136141);Lyon 7_Leclerc_Servant
100049183;INSEE_69127;pvo_patrimoine_voirie.pvocomptagesite.100049183;100049183;;69127;4,72332232;45,7850297;;;POINT (4.723322315018557 45.785029695416924);LxL_Entrée Historique
100053285;INSEE_69383;pvo_patrimoine_voirie.pvocomptagesite.100053285;100053285;;69383;4,86376762;45,75407423;;;POINT (4.863767623901368 45.75407423297968);Lyon 3_Rue Jean-Pierre Lévy_EN TRAVAUX TRAM
100030263;INSEE_69123;pvo_patrimoine_voirie.pvocomptagesite.100030263;100030263;;69123;4,84113297;45,77302277;;;POINT (4.8411329679323645 45.7730227674639);Lyon 6_Grande Bretagne
100030268;INSEE_69383;pvo_patrimoine_voirie.pvocomptagesite.100030268;100030268;;69383;4,84821657;45,75964491;;;POINT (4.84821656541063 45.759644911132135);Lyon 3_Part-Dieu_OBSOLETE
100030635;INSEE_69127;pvo_patrimoine_voirie.pvocomptagesite.100030635;100030635;;69127;4,7268105;45,784176;;;POINT (4.7268105 45.784176);LXL_Allée du Buissonnier
100030256;INSEE_69123;pvo_patrimoine_voirie.pvocomptagesite.100030256;100030256;;69123;4,85149872;45,73929651;;;POINT (4.8514987186899114 45.73929651208555);Lyon 7_Duvivier_Vienne
100030257;INSEE_69123;pvo_patrimoine_voirie.pvocomptagesite.100030257;100030257;;69123;4,84510315;45,75454349;;;POINT (4.8451031475259665 45.75454348587052);Lyon 3/7_Gambetta
100030637;INSEE_69259;pvo_patrimoine_voirie.pvocomptagesite.100030637;100030637;;69259;4,895637;45,722263;;;POINT (4.895637 45.722263);PdP_Jeunesse
100030404;INSEE_69029;pvo_patrimoine_voirie.pvocomptagesite.100030404;100030404;;69029;4,89438321;45,72845934;;;POINT (4.89438321199401 45.7284593424441);PdP Entrée Honneur
100030258;INSEE_69123;pvo_patrimoine_voirie.pvocomptagesite.100030258;100030258;;69123;4,84107939;45,74380547;;;POINT (4.8410793877663005 45.743805467619744);Lyon 7_Jean Jaurès
100030259;INSEE_69029;pvo_patrimoine_voirie.pvocomptagesite.100030259;100030259;;69029;4,8938518;45,729465;;;POINT (4.8938518 45.729465);Bron_Lionel Terray_Mermoz
100030260;INSEE_69266;pvo_patrimoine_voirie.pvocomptagesite.100030260;100030260;;69266;4,92033741;45,76052111;;;POINT (4.920337411574899 45.76052110838324);Villeurbanne_Piste T3_Bertin
100053564;INSEE_69383;pvo_patrimoine_voirie.pvocomptagesite.100053564;100053564;;69383;4,86004323;45,76366654;;;POINT (4.8600432324799 45.76366653778984);Lyon 3/6_Cours Lafayette
300027363;INSEE_69276;pvo_patrimoine_voirie.pvocomptagesite.300027363;300027363;;69276;4,875787;45,671093;;;POINT (4.875787 45.671093);ENS - Grandes Terres
69091.00012.02;INSEE_69700;pvo_patrimoine_voirie.pvocomptagesite.69091.00012.02;69091.00012.02;69091.00012.02;69700;4,76994753;45,5939351;;OTHER SPECIFIC SITE;POINT (4.76994753 45.5939351);GIVORS_63 rue Jean Ligonnet
69091.00052.02;INSEE_69700;pvo_patrimoine_voirie.pvocomptagesite.69091.00052.02;69091.00052.02;69091.00052.02;69700;4,76647011;45,5846908;;OTHER SPECIFIC SITE;POINT (4.766470113 45.5846908);GIVORS_23 Rue Pierre Semard
69149.00072.11;INSEE_69600;pvo_patrimoine_voirie.pvocomptagesite.69149.00072.11;69149.00072.11;69149.00072.11;69600;4,81526474;45,7168833;;OTHER SPECIFIC SITE;POINT (4.81526474 45.7168833);OULLINS_Gare routiere
100055357;INSEE_69389;pvo_patrimoine_voirie.pvocomptagesite.100055357;100055357;;69389;4,80932051;45,78042511;;;POINT (4.809320506666497 45.78042510696076);Lyon 9_Pont Robert Schuman
100058445;INSEE_69290;pvo_patrimoine_voirie.pvocomptagesite.100058445;100058445;;69290;4,93071844;45,71618968;;;POINT (4.930718441434827 45.7161896787559);ParcsEtJardins_Parc Techno_Face Tulip
100030265;INSEE_69123;pvo_patrimoine_voirie.pvocomptagesite.100030265;100030265;;69123;4,8299513;45,763233;;;POINT (4.8299513 45.763233);Lyon 5_Pont Maréchal Juin
100030406;INSEE_69127;pvo_patrimoine_voirie.pvocomptagesite.100030406;100030406;;69127;4,73174242;45,78565328;;;POINT (4.731742420718549 45.785653276790725);LxL_Château Avant 22/10/2019
100030407;INSEE_69127;pvo_patrimoine_voirie.pvocomptagesite.100030407;100030407;;69127;4,71325861;45,78829268;;;POINT (4.7132586070828495 45.78829268377787);LxL_Varennes Avant 22/10/2019
100030267;INSEE_69029;pvo_patrimoine_voirie.pvocomptagesite.100030267;100030267;;69029;4,90062654;45,7363466;;;POINT (4.900626540184022 45.73634660044263);Bron_Roosevelt
100030269;INSEE_69123;pvo_patrimoine_voirie.pvocomptagesite.100030269;100030269;;69123;4,86146092;45,76628807;;;POINT (4.8614609241485605 45.766288067238584);Lyon 6_Vauban_Thiers
100030274;INSEE_69123;pvo_patrimoine_voirie.pvocomptagesite.100030274;100030274;;69123;4,80845511;45,7748457;;;POINT (4.808455109596253 45.77484570140887);Lyon 9_Pont Clémenceau
100030322;INSEE_69266;pvo_patrimoine_voirie.pvocomptagesite.100030322;100030322;;69266;4,8826146;45,76875;;;POINT (4.8826146 45.76875);Villeurbanne_Anatole France
300034111;INSEE_69123;pvo_patrimoine_voirie.pvocomptagesite.300034111;300034111;;69123;4,84098092;45,76859692;;;POINT (4.840980917215348 45.768596924285525);Lyon 6_Pont Morand_Citix AI
300039240;INSEE_69034;pvo_patrimoine_voirie.pvocomptagesite.300039240;300039240;;69034;4,83554006;45,79689417;;;POINT (4.8355400562286395 45.79689417288023);Caluire_Quai Clémenceau
100017791;INSEE_69275;pvo_patrimoine_voirie.pvocomptagesite.100017791;100017791;;69275;4,9542;45,77492;;;POINT (4.9542 45.77492);Décines_Contre halage passerelle Nelson Mandela
100030405;INSEE_69127;pvo_patrimoine_voirie.pvocomptagesite.100030405;100030405;;69127;4,7176744;45,78498451;;;POINT (4.717674396561582 45.78498451105312);LxL_Belle-Etoile Avant 18/11/2018
300034110;INSEE_69123;pvo_patrimoine_voirie.pvocomptagesite.300034110;300034110;;69123;4,83247966;45,78020712;;;POINT (4.832479655742646 45.78020711790487);Lyon 4_Grande rue de la Croix Rousse_Janin_TRAVAUX
100030262;INSEE_69123;pvo_patrimoine_voirie.pvocomptagesite.100030262;100030262;;69123;4,84059214;45,77241907;;;POINT (4.840592137379542 45.77241907407597);Lyon 6_Pont de Lattre de Tassigny_TRAVAUX VOIE LYONNAISE
300063873;INSEE_69029;pvo_patrimoine_voirie.pvocomptagesite.300063873;300063873;;69029;4,88997817;45,73001675;;;POINT (4.889978170394898 45.73001674722086);PDP_Nano_Metro Mermoz
300063876;INSEE_69029;pvo_patrimoine_voirie.pvocomptagesite.300063876;300063876;;69029;4,89584684;45,72663248;;;POINT (4.895846843719483 45.726632480818566);PDP_Nano_Parc canin alpestre
300063878;INSEE_69029;pvo_patrimoine_voirie.pvocomptagesite.300063878;300063878;;69029;4,9017693;45,7219023;;;POINT (4.9017693 45.721902299999996);PDP_Nano_Allée des Oliviers
300063879;INSEE_69259;pvo_patrimoine_voirie.pvocomptagesite.300063879;300063879;;69259;4,89902258;45,71433786;;;POINT (4.899022579193116 45.714337864402076);PDP_Nano_Elisa
300031959;INSEE_69123;pvo_patrimoine_voirie.pvocomptagesite.300031959;300031959;;69123;4,8104319;45,78727943;;;POINT (4.810431897640228 45.78727943317212);Lyon 9_J.Carret _A.Laborde
300063886;INSEE_69259;pvo_patrimoine_voirie.pvocomptagesite.300063886;300063886;;69259;4,90583807;45,71496151;;;POINT (4.905838072299958 45.71496150843058);PDP_Nano_Temps modernes
300063892;INSEE_69259;pvo_patrimoine_voirie.pvocomptagesite.300063892;300063892;;69259;4,89259601;45,71812082;;;POINT (4.8925960063934335 45.7181208233424);PDP_Nano_Ancienne route Heyrieux
300064133;INSEE_69383;pvo_patrimoine_voirie.pvocomptagesite.300064133;300064133;;69383;4,84515578;45,76165135;;;POINT (4.845155775547028 45.761651354155724);Lyon 3_Serviant_Saxe_EN TEST
300030757;INSEE_69389;pvo_patrimoine_voirie.pvocomptagesite.300030757;300030757;;69389;4,80139017;45,77778931;;;POINT (4.801390171051026 45.77778930634867);Lyon 9_Rue Laure Diebold
300031957;INSEE_69123;pvo_patrimoine_voirie.pvocomptagesite.300031957;300031957;;69123;4,82135385;45,74963115;;;POINT (4.821353852748872 45.74963115491924);Lyon 2_ Rambaud_C.Collonge
69383.01350.04;INSEE_69383;pvo_patrimoine_voirie.pvocomptagesite.69383.01350.04;69383.01350.04;69383.01350.04;69383;4,8469941;45,75446;;OTHER SPECIFIC SITE;POINT (4.8469941 45.75446);Lyon 3_ 161 Av. Maréchal Saxe
300039774;INSEE_69256;pvo_patrimoine_voirie.pvocomptagesite.300039774;300039774;;69256;4,94201034;45,78085434;;;POINT (4.9420103430747995 45.78085434405998);STOCK_X2H17113782 COMBO 3G
100026955;INSEE_69127;pvo_patrimoine_voirie.pvocomptagesite.100026955;100026955;;69127;4,729061;45,786236;;;POINT (4.729061 45.786236);LxL_Paddock
100031124;INSEE_69123;pvo_patrimoine_voirie.pvocomptagesite.100031124;100031124;;69123;4,82288;45,75127;;;POINT (4.82288 45.75127);Lyon 2_Pont Kitchener-Marchand
100031122;INSEE_69123;pvo_patrimoine_voirie.pvocomptagesite.100031122;100031122;;69123;4,83357131;45,74798597;;;POINT (4.833571314811707 45.747985965943386);Lyon 7_Pont Galliéni_Berthelot_Bernard_ARCHIVE DEPUIS 040722
100031125;INSEE_69381;pvo_patrimoine_voirie.pvocomptagesite.100031125;100031125;;69381;4,81393754;45,77019847;;;POINT (4.813937544822694 45.770198474007046);Lyon 1_Pont Maréchal Koenig
100031126;INSEE_69123;pvo_patrimoine_voirie.pvocomptagesite.100031126;100031126;;69123;4,81644139;45,73219699;;;POINT (4.816441386938096 45.732196986181776);Lyon 2_Pont de la Mulatière Amont_ARCHIVE DEPUIS REGROUPEMENT
100031127;INSEE_69123;pvo_patrimoine_voirie.pvocomptagesite.100031127;100031127;;69123;4,81662285;45,73173338;;;POINT (4.816622851281327 45.731733383746445);Lyon 2_Pont de la Mulatière Aval_ARCHIVE DEPUIS REGROUPEMENT
100031128;INSEE_69029;pvo_patrimoine_voirie.pvocomptagesite.100031128;100031128;;69029;4,893222;45,72373;;;POINT (4.893222 45.72373);Bron/Vénissieux_Chemin des Balmes
100032516;INSEE_69123;pvo_patrimoine_voirie.pvocomptagesite.100032516;100032516;;69123;4,81663048;45,73182722;;;POINT (4.816630482673646 45.731827222149356);Lyon 2_Pont de la Mulatière
100049084;INSEE_69383;pvo_patrimoine_voirie.pvocomptagesite.100049084;100049084;;69383;4,84068722;45,76023107;;;POINT (4.840687215328217 45.760231073173344);Lyon 3_Berges du Rhône
100052661;INSEE_69123;pvo_patrimoine_voirie.pvocomptagesite.100052661;100052661;;69123;4,8273004;45,76168297;;;POINT (4.82730039680372 45.7616829690733);Lyon 5_Saint Jean_Bombarde
100053286;INSEE_69123;pvo_patrimoine_voirie.pvocomptagesite.100053286;100053286;;69123;4,8208228;45,76691251;;;POINT (4.8208227997859865 45.76691250954586);Lyon 5_Quai Pierre Scize
100053287;INSEE_69266;pvo_patrimoine_voirie.pvocomptagesite.100053287;100053287;;69266;4,86229514;45,77946754;;;POINT (4.862295140410868 45.77946753768151);Villeurbanne_Boulevard du 11 Novembre 1918
100058444;INSEE_69290;pvo_patrimoine_voirie.pvocomptagesite.100058444;100058444;;69290;4,92438402;45,71401338;;;POINT (4.9243840174394915 45.71401338422584);ParcsEtJardins_Parc Techno_Entrée Feuillis
300030754;INSEE_69389;pvo_patrimoine_voirie.pvocomptagesite.300030754;300030754;;69389;4,81038898;45,78729533;;;POINT (4.81038898229599 45.78729533130967);Lyon 9_Rue Antonin Laborde
100032795;INSEE_69029;pvo_patrimoine_voirie.pvocomptagesite.100032795;100032795;;69029;4,899764;45,722584;;;POINT (4.899764 45.722584);Bron_Parc Parilly_Garennes
100032799;INSEE_69127;pvo_patrimoine_voirie.pvocomptagesite.100032799;100032799;;69127;4,717272;45,785316;;;POINT (4.717272 45.785316);Marcy l'Etoile_Parc Lacroix-Laval_Belle Etoile
100032800;INSEE_69127;pvo_patrimoine_voirie.pvocomptagesite.100032800;100032800;;69127;4,7262754;45,784187;;;POINT (4.7262754000000005 45.784187);Marcy l'Etoile_Parc Lacroix-Laval_Buissonnier
300030756;INSEE_69389;pvo_patrimoine_voirie.pvocomptagesite.300030756;300030756;;69389;4,81920138;45,79309317;;;POINT (4.8192013800144196 45.79309317322208);Lyon 9_Louis Bouquet
100052943;INSEE_69259;pvo_patrimoine_voirie.pvocomptagesite.100052943;100052943;;69259;4,88506331;45,72023852;;;POINT (4.885063306657305 45.72023851552473);Vénissieux_Passerelle Puizot
100054728;INSEE_69123;pvo_patrimoine_voirie.pvocomptagesite.100054728;100054728;;69123;4,85986608;45,76364756;;;POINT (4.859866082147017 45.76364756183339);Lyon 3/6_Cours Lafayette_Pont SNCF
100054730;INSEE_69123;pvo_patrimoine_voirie.pvocomptagesite.100054730;100054730;;69123;4,85946375;45,74710644;;;POINT (4.8594637460204435 45.74710644385517);Lyon 8_Frères Lumière
100056211;INSEE_69123;pvo_patrimoine_voirie.pvocomptagesite.100056211;100056211;;69123;4,80934267;45,78038386;;;POINT (4.809342670079482 45.780383858625335);Lyon 9_Pont Schuman
300034587;INSEE_69256;pvo_patrimoine_voirie.pvocomptagesite.300034587;300034587;;69256;4,94202375;45,78080945;;;POINT (4.942023754119874 45.78080945000271);STOCK_X2H15128945 COMBO 3G
300042696;INSEE_69123;pvo_patrimoine_voirie.pvocomptagesite.300042696;300042696;;69123;4,80686724;45,75654454;;;POINT (4.806867241859437 45.75654453617732);Lyon 5_rue de la Favorite
300031958;INSEE_69123;pvo_patrimoine_voirie.pvocomptagesite.300031958;300031958;;69123;4,80136067;45,77780708;;;POINT (4.801360666751862 45.777807077879885);Lyon 9_L.Diebold_Claire
300047579;INSEE_69072;pvo_patrimoine_voirie.pvocomptagesite.300047579;300047579;;69072;4,74131539;45,7946482;;;POINT (4.741315394639969 45.79464820146601);Dardilly_Route de Lyon_Bois de La Lune_EN TRAVAUX
300048109;INSEE_69383;pvo_patrimoine_voirie.pvocomptagesite.300048109;300048109;;69383;4,85780373;45,76296494;;;POINT (4.857803732156754 45.76296494153672);Lyon 3_Tunnel Vivier Merle
300048110;INSEE_69273;pvo_patrimoine_voirie.pvocomptagesite.300048110;300048110;;69273;4,91073579;45,6716476;;;POINT (4.910735785961152 45.67164760075656);Corbas_Avenue Gabriel Péri
300064134;INSEE_69034;pvo_patrimoine_voirie.pvocomptagesite.300064134;300064134;;69034;4,86210465;45,81466894;;;POINT (4.862104654312136 45.814668936577796);Fontaine_De Gaulle_Oiseaux
300064284;INSEE_69383;pvo_patrimoine_voirie.pvocomptagesite.300064284;300064284;;69383;4,88036245;45,74250259;;;POINT (4.8803624510765085 45.74250258841206);Lyon 8_Avenue Rockefeller_Coli_EN TEST
100060039;INSEE_69123;pvo_patrimoine_voirie.pvocomptagesite.100060039;100060039;;69123;4,83099639;45,75877333;;;POINT (4.8309963941574114 45.758773329535984);Lyon 2_Place Bellecour_EN TRAVAUX VOIES LYONNAISE
100060040;INSEE_69383;pvo_patrimoine_voirie.pvocomptagesite.100060040;100060040;;69383;4,8484093;45,75967156;;;POINT (4.848409295082093 45.75967155861718);Lyon 3_Rue de la Part-Dieu
100062853;INSEE_69123;pvo_patrimoine_voirie.pvocomptagesite.100062853;100062853;;69123;4,84510238;45,75454604;;;POINT (4.8451023832905316 45.754546040119486);Lyon 3/7_Cours Gambetta
100063239;INSEE_69383;pvo_patrimoine_voirie.pvocomptagesite.100063239;100063239;;69383;4,84509009;45,76285866;;;POINT (4.84509009223264 45.76285865879087);Lyon 3_Avenue Maréchal de Saxe
100064522;INSEE_69266;pvo_patrimoine_voirie.pvocomptagesite.100064522;100064522;;69266;4,90432604;45,7674087;;;POINT (4.904326039056066 45.76740869506911);Villeurbanne_Pont de Cusset
100064524;INSEE_69383;pvo_patrimoine_voirie.pvocomptagesite.100064524;100064524;;69383;4,86069918;45,75060252;;;POINT (4.860699176788331 45.750602523594125);Lyon 3_Rue du Général Mouton-Duvernet
100064525;INSEE_69123;pvo_patrimoine_voirie.pvocomptagesite.100064525;100064525;;69123;4,85032439;45,72925098;;;POINT (4.850324392318726 45.72925097542825);Lyon 8_Rue Challemel-Lacour
300014680;INSEE_69256;pvo_patrimoine_voirie.pvocomptagesite.300014680;300014680;;69256;4,9324;45,77122;;;POINT (4.9324 45.77122);Vaulx en Velin_Pont de la Soie_EN TRAVAUX TRAM
300014681;INSEE_69256;pvo_patrimoine_voirie.pvocomptagesite.300014681;300014681;;69256;4,9324;45,77122;;;POINT (4.9324 45.77122);STOCK_X2H16070217 COMBO 3G
300014746;INSEE_69123;pvo_patrimoine_voirie.pvocomptagesite.300014746;300014746;;69123;4,84932;45,73695;;;POINT (4.8493200000000005 45.73695);Lyon 7_Rue Croix Barret
100059636;INSEE_69123;pvo_patrimoine_voirie.pvocomptagesite.100059636;100059636;;69123;4,84064899;45,76356124;;;POINT (4.840648988663183 45.763561241829265);Lyon 3/6_Pont Lafayette
100063321;INSEE_69123;pvo_patrimoine_voirie.pvocomptagesite.100063321;100063321;;69123;4,86325532;45,75389771;;;POINT (4.8632553161003464 45.75389770588103);Lyon 3_Piste T3_Flandin
100063558;INSEE_69123;pvo_patrimoine_voirie.pvocomptagesite.100063558;100063558;;69123;4,8310853;45,75876746;;;POINT (4.8310852971598495 45.75876745945252);Lyon 2_Bellecour
100064282;INSEE_69123;pvo_patrimoine_voirie.pvocomptagesite.100064282;100064282;;69123;4,84842002;45,75966782;;;POINT (4.848420023918153 45.75966781602602);Lyon 3_Part-Dieu
300029517;INSEE_69034;pvo_patrimoine_voirie.pvocomptagesite.300029517;300029517;;69034;4,83174741;45,79607135;;;POINT (4.8317474126815805 45.79607134623283);Caluire_Pont Ile Barbe RG
300015200;INSEE_69199;pvo_patrimoine_voirie.pvocomptagesite.300015200;300015200;;69199;4,8436296;45,69383052;;;POINT (4.843629598617554 45.69383052074085);Saint Fons_Pont Pierre Bénite
300028346;INSEE_69384;pvo_patrimoine_voirie.pvocomptagesite.300028346;300028346;;69384;4,81025755;45,77478584;;;POINT (4.81025755405426 45.77478583620723);Lyon 9_Pont Georges Clémenceau
300028347;INSEE_69389;pvo_patrimoine_voirie.pvocomptagesite.300028347;300028347;;69389;4,83052164;45,79789557;;;POINT (4.830521643161774 45.79789557391977);Lyon 9_Pont Ile Barbe RD
300028348;INSEE_69034;pvo_patrimoine_voirie.pvocomptagesite.300028348;300028348;;69034;4,83173132;45,79610501;;;POINT (4.831731319427491 45.796105007561295);Caluire_Pont Ile Barbe rive gauche
300028349;INSEE_69123;pvo_patrimoine_voirie.pvocomptagesite.300028349;300028349;;69123;4,83346939;45,74794947;;;POINT (4.8334693908691415 45.74794946802723);Lyon 7_Pont Galliéni
300028597;INSEE_69123;pvo_patrimoine_voirie.pvocomptagesite.300028597;300028597;;69123;4,83331697;45,74806489;;;POINT (4.833316965769999 45.74806488767111);Lyon 7_Pont Galliéni__ID2340-2341_Radar-MES-10/10/22
300030128;INSEE_69123;pvo_patrimoine_voirie.pvocomptagesite.300030128;300030128;;69123;4,82139409;45,74966297;;;POINT (4.821394085884095 45.749662972658086);Lyon 2_Quai Rambaud
300030753;INSEE_69384;pvo_patrimoine_voirie.pvocomptagesite.300030753;300030753;;69384;4,81244355;45,78129767;;;POINT (4.8124435544013995 45.78129767093459);Lyon 4_Quai Joseph Gillet
300034112;INSEE_69123;pvo_patrimoine_voirie.pvocomptagesite.300034112;300034112;;69123;4,81907263;45,75343512;;;POINT (4.8190726339817065 45.75343511779436);Lyon 5_Montée de Choulans
300034352;INSEE_69256;pvo_patrimoine_voirie.pvocomptagesite.300034352;300034352;;69256;4,94203985;45,78082441;;;POINT (4.942039847373962 45.780824414692475);STOCK_X2H18127332 COMBO 3G
300034526;INSEE_69266;pvo_patrimoine_voirie.pvocomptagesite.300034526;300034526;;69266;4,89176;45,78389;;;POINT (4.89176 45.78389);STOCK_COMBO 3G_EN PANNE
300034586;INSEE_69256;pvo_patrimoine_voirie.pvocomptagesite.300034586;300034586;;69256;4,94203448;45,78085809;;;POINT (4.9420344829559335 45.780858085229795);STOCK_X2H17123943 COMBO 3G
300048115;INSEE_69123;pvo_patrimoine_voirie.pvocomptagesite.300048115;300048115;;69123;4,82619256;45,74917447;;;POINT (4.826192557811738 45.749174474786834);Lyon 2_Passage France Pejot_Place Carnot
300048116;INSEE_69286;pvo_patrimoine_voirie.pvocomptagesite.300048116;300048116;;69286;4,87159699;45,80870227;;;POINT (4.8715969920158395 45.80870226679005);Caluire_Av de Hippodrome_P.Drevet_EN TRAVAUX
300048117;INSEE_69271;pvo_patrimoine_voirie.pvocomptagesite.300048117;300048117;;69271;4,96889412;45,7335122;;;POINT (4.968894124031068 45.7335122029631);Chassieu_Avenue du Dauphiné
300016819;INSEE_69123;pvo_patrimoine_voirie.pvocomptagesite.300016819;300016819;;69123;4,84095812;45,77242859;;;POINT (4.8409581184387225 45.772428592809575);Lyon 6_Pont de Tassigny Et Berge sous le Pont_IP
300016820;INSEE_69123;pvo_patrimoine_voirie.pvocomptagesite.300016820;300016820;;69123;4,84055042;45,76861189;;;POINT (4.840550422668458 45.76861189225279);Lyon 6_Pont Morand
300016821;INSEE_69381;pvo_patrimoine_voirie.pvocomptagesite.300016821;300016821;;69381;4,82986987;45,76665854;;;POINT (4.829869866371157 45.766658538582476);Lyon 1_Pont de La Feuillée_JUSQU'AU 02/07/23_ARCHIVE
300017019;INSEE_69123;pvo_patrimoine_voirie.pvocomptagesite.300017019;300017019;;69123;4,84107077;45,7438419;;;POINT (4.841070771217347 45.74384189622871);Lyon 7_Avenue Jean Jaurès
300017020;INSEE_69123;pvo_patrimoine_voirie.pvocomptagesite.300017020;300017020;;69123;4,83522356;45,74446708;;;POINT (4.835223555564881 45.74446708272822);Lyon 7_Boulevard Yves Farge
300017142;INSEE_69123;pvo_patrimoine_voirie.pvocomptagesite.300017142;300017142;;69123;4,80851948;45,7751338;;;POINT (4.808519482612611 45.77513380179295);Lyon 9_Pont Clémenceau_Archive jusqu'au 22/06/2022
300017143;INSEE_69123;pvo_patrimoine_voirie.pvocomptagesite.300017143;300017143;;69123;4,85167623;45,73932312;;;POINT (4.8516762256622314 45.73932312455986);Lyon 7_Rue Paul Duvivier
300017144;INSEE_69123;pvo_patrimoine_voirie.pvocomptagesite.300017144;300017144;;69123;4,8614502;45,76628433;;;POINT (4.861450195312501 45.766284325091256);Lyon 6_Rue Vauban
300017145;INSEE_69266;pvo_patrimoine_voirie.pvocomptagesite.300017145;300017145;;69266;4,88307953;45,76879525;;;POINT (4.8830795288085955 45.768795249526065);Villeurbanne_Rue Anatole France
300017146;INSEE_69034;pvo_patrimoine_voirie.pvocomptagesite.300017146;300017146;;69034;4,83106077;45,78377612;;;POINT (4.831060767173768 45.78377612121801);Lyon 4_Boulevard des Canuts_EN TRAVAUX VOIES LYONNAISE
300017147;INSEE_69029;pvo_patrimoine_voirie.pvocomptagesite.300017147;300017147;;69029;4,90080357;45,73630541;;;POINT (4.900803565979005 45.73630541471932);Bron_Avenue Franklin Roosevelt
300017148;INSEE_69123;pvo_patrimoine_voirie.pvocomptagesite.300017148;300017148;;69123;4,82975185;45,76328678;;;POINT (4.8297518491745 45.76328678443991);Lyon 5_Pont Maréchal Juin
300017150;INSEE_69266;pvo_patrimoine_voirie.pvocomptagesite.300017150;300017150;;69266;4,92024422;45,76052112;;;POINT (4.920244216918946 45.760521120317);Villeurbanne_Rue Jean Bertin_EN TRAVAUX TRAM
300017151;INSEE_69123;pvo_patrimoine_voirie.pvocomptagesite.300017151;300017151;;69123;4,86370862;45,73438088;;;POINT (4.8637086153030396 45.73438088432201);Lyon 8_Boulevard des Etats-Unis
300017513;INSEE_69123;pvo_patrimoine_voirie.pvocomptagesite.300017513;300017513;;69123;4,82518673;45,74797099;;;POINT (4.825186729431153 45.74797099244221);Lyon 2_Passage France Péjot_Place des Archives
300034588;INSEE_69256;pvo_patrimoine_voirie.pvocomptagesite.300034588;300034588;;69256;4,9420774;45,78081693;;;POINT (4.942077398300172 45.7808169323481);STOCK_X2H18065620 COMBO 3G
300018950;INSEE_69123;pvo_patrimoine_voirie.pvocomptagesite.300018950;300018950;;69123;4,84090962;45,76022696;;;POINT (4.840909623276835 45.76022695634148);Lyon 3_Quai du Rhône rive gauche
300048118;INSEE_69259;pvo_patrimoine_voirie.pvocomptagesite.300048118;300048118;;69259;4,87413168;45,68594627;;;POINT (4.874131679534913 45.68594626667998);Vénissieux_Ch de Feyzin
300048119;INSEE_69085;pvo_patrimoine_voirie.pvocomptagesite.300048119;300048119;;69085;4,84127194;45,85919358;;;POINT (4.841271936893463 45.85919357761024);Fleurieu_Route de Lyon
300055236;INSEE_69072;pvo_patrimoine_voirie.pvocomptagesite.300055236;300055236;;69072;4,76396933;45,8215079;;;POINT (4.7639693319797525 45.821507899998075);Dardilly_Av de la Porte de Lyon
300060394;INSEE_69123;pvo_patrimoine_voirie.pvocomptagesite.300060394;300060394;;69123;4,82809693;45,75972676;;;POINT (4.828096926212312 45.75972676180782);Lyon 5_Pont Bonaparte_EN TRAVAUX
300060966;INSEE_69123;pvo_patrimoine_voirie.pvocomptagesite.300060966;300060966;;69123;4,85605225;45,7406363;;;POINT (4.8560522496700305 45.7406363015806);Lyon 8_Bld Berthelot_Tchécoslovaques_EN TEST
300062480;INSEE_69389;pvo_patrimoine_voirie.pvocomptagesite.300062480;300062480;;69389;4,80805257;45,78486274;;;POINT (4.808052572963707 45.78486273887068);Lyon 9_Saint Cyr
300065896;INSEE_69123;pvo_patrimoine_voirie.pvocomptagesite.300065896;300065896;;69123;4,85664368;45,77261007;;;POINT (4.856643676757813 45.772610066674574);Lyon 6_Verguin_A.France_EN TEST
100049671;INSEE_69123;pvo_patrimoine_voirie.pvocomptagesite.100049671;100049671;;69123;4,83301805;45,7460183;;;POINT (4.833018046557935 45.74601830274346);Lyon 7_Raoul Servant
100049672;INSEE_69123;pvo_patrimoine_voirie.pvocomptagesite.100049672;100049672;;69123;4,83227849;45,74605435;;;POINT (4.832278490066529 45.74605435112975);Lyon 7_Leclerc_Pont SNCF
100050687;INSEE_69383;pvo_patrimoine_voirie.pvocomptagesite.100050687;100050687;;69383;4,84067418;45,76354001;;;POINT (4.840674179382174 45.76354000742473);Lyon 3/6_Pont Lafayette
100050688;INSEE_69123;pvo_patrimoine_voirie.pvocomptagesite.100050688;100050688;;69123;4,85956634;45,74707446;;;POINT (4.859566340046717 45.747074464115045);Lyon 8_Avenue des Frères Lumière
100050689;INSEE_69383;pvo_patrimoine_voirie.pvocomptagesite.100050689;100050689;;69383;4,8604627;45,75378407;;;POINT (4.8604626957213215 45.7537840747021);Lyon 3_Avenue Félix Faure_EN TRAVAUX TRAM
100049294;INSEE_69127;pvo_patrimoine_voirie.pvocomptagesite.100049294;100049294;;69127;4,72974245;45,78757307;;;POINT (4.729742449829114 45.78757307089661);LxL_Chemin de la Gare Avant 02/12/2018
100049670;INSEE_69123;pvo_patrimoine_voirie.pvocomptagesite.100049670;100049670;;69123;4,80829784;45,77847914;;;POINT (4.808297837334199 45.7784791437538);Lyon 9_Passerelle Masaryk
100050691;INSEE_69389;pvo_patrimoine_voirie.pvocomptagesite.100050691;100050691;;69389;4,79545522;45,77359121;;;POINT (4.795455222065321 45.77359121308361);Lyon 9_Rue du Bourbonnais
100051225;INSEE_69259;pvo_patrimoine_voirie.pvocomptagesite.100051225;100051225;;69259;4,88509655;45,72024441;;;POINT (4.885096549987794 45.72024441181616);Vénissieux_Passerelle Puizot
100052472;INSEE_69072;pvo_patrimoine_voirie.pvocomptagesite.100052472;100052472;;69072;4,74995;45,83317419;;;POINT (4.74994999559684 45.83317419020776);GRAND PARC_Lissieu_RN6 Trottoir Nord_Avant 16/02/20
100052476;INSEE_69072;pvo_patrimoine_voirie.pvocomptagesite.100052476;100052476;;69072;4,7493479;45,83342767;;;POINT (4.74934789741382 45.833427665473906);GRAND PARC_Lissieu_RN6 Trottoir Sud_Avant 16/02/20
300021358;INSEE_69259;pvo_patrimoine_voirie.pvocomptagesite.300021358;300021358;;69259;4,86845076;45,71939049;;;POINT (4.86845076084137 45.7193904917615);Vénissieux_Francis de Pressensé
300021359;INSEE_69029;pvo_patrimoine_voirie.pvocomptagesite.300021359;300021359;;69029;4,89384592;45,72948689;;;POINT (4.8938459157943734 45.72948688668382);Bron_Rue Lionel Terray
300019010;INSEE_69123;pvo_patrimoine_voirie.pvocomptagesite.300019010;300019010;;69123;4,82531548;45,74794105;;;POINT (4.825315475463868 45.747941045427815);Lyon 2_ Passage France Péjot
300022021;INSEE_69123;pvo_patrimoine_voirie.pvocomptagesite.300022021;300022021;;69123;4,827649;45,76710385;;;POINT (4.8276489973068255 45.76710384936585);Lyon 5_Quai P.Scize_Entre passerelle_Test Radar Karrus du 24/01/22 au 10/02/22
300022287;INSEE_69383;pvo_patrimoine_voirie.pvocomptagesite.300022287;300022287;;69383;4,84830737;45,75966782;;;POINT (4.848307371139527 45.75966781602602);Lyon 3_Part-Dieu_Test radar Karrus du 10/02/22 au 16/03/22
300022560;INSEE_69123;pvo_patrimoine_voirie.pvocomptagesite.300022560;300022560;;69123;4,83707428;45,75710782;;;POINT (4.837074279785157 45.75710782485316);Lyon 2_Pont de la Guillotière
300022857;INSEE_69259;pvo_patrimoine_voirie.pvocomptagesite.300022857;300022857;;69259;4,88509119;45,72024067;;;POINT (4.885091185569763 45.72024066658125);Vénissieux_Passerelle Puizot_Test radar Karrus du 17/03/22 au 24/05/22
