chantier_id;commune_id;fid;gid;nom_voie;nom_chantier;commune;code_insee;precision_localisation;debut_chantier;fin_chantier;description_internet;avancement;importance;type_perturbation;intervenant;validite;code_importance;document_joint;url_document;geometrie_wkt
CHANTIER_412954;INSEE_69199;pvo_patrimoine_voirie.pvochantierperturbant.412954;412954;Rue Carnot;Travaux T10;Saint-Fons;69199;Ensemble de l'axe;2026-01-05;2026-07-31;;Chantier en cours;Chantier très perturbant;Circulation interdite;Autre;A vérifier;1;;;MULTIPOLYGON (((4.8553494290019374 45.708493659832534, 4.855949311766088 45.70831009484694, 4.856343225700489 45.70822923420051, 4.856731546747777 45.70819312033117, 4.857162666423596 45.70816622957882, 4.857318060551638 45.708153766738505, 4.857876260048184 45.708114872918124, 4.858052887694191 45.708102061996236, 4.858653721541683 45.70806742926088, 4.858957595389436 45.708047574225155, 4.859496210459909 45.70805861142165, 4.860388907777152 45.70806881304661, 4.8608704002419305 45.70806589306312, 4.861479633984496 45.70807080282458, 4.862067798277674 45.708081016365135, 4.862237678838187 45.708078233205796, 4.862846581671979 45.708073217316375, 4.863234730523232 45.708032122092426, 4.863708315883942 45.70800451031507, 4.864257608318009 45.70791115045602, 4.86418566513481 45.70787759817421, 4.863650198254356 45.70796080634943, 4.862879488388854 45.70799824986427, 4.860025432748512 45.708000333576074, 4.85977702920858 45.70798455077908, 4.859337676954078 45.70797685306748, 4.858835445799886 45.707994991339625, 4.8581142807468085 45.70803159222923, 4.856488901525555 45.70813754135679, 4.85634799402185 45.70815969020005, 4.855806424129567 45.70827273295762, 4.855354735764524 45.708383675966374, 4.8553494290019374 45.708493659832534)))
CHANTIER_413894;INSEE_69286;pvo_patrimoine_voirie.pvochantierperturbant.413894;413894;Avenue de l'Europe;Assainissement d'eau potable;Rillieux-la-Pape;69286;;2026-02-28;2026-04-30;;Chantier en cours;Chantier perturbant;Circulation réduite;Autre;A vérifier;2;;;MULTIPOLYGON (((4.88989985856637 45.812119208202766, 4.88987560948356 45.812169086157404, 4.891382202236321 45.81264377316273, 4.891409534536596 45.81261528327122, 4.88989985856637 45.812119208202766)))
CHANTIER_412902;INSEE_69266;pvo_patrimoine_voirie.pvochantierperturbant.412902;412902;Rue du Pérou;Travaux piste cyclable;Villeurbanne;69266;de la Rue Edouard Vaillant jusqu'à l'Avenue Roger Salengro;2025-11-25;2026-11-20;Dans le sens Est-Ouest;Chantier en cours;Chantier très perturbant;Circulation interdite;Autre;A vérifier;1;;;MULTIPOLYGON (((4.876756843652495 45.77687882846536, 4.876820129730958 45.77687423327408, 4.877218235260076 45.77694047055348, 4.877767977068039 45.776988223636835, 4.878044522467382 45.77706179100382, 4.879618821941639 45.77739093977213, 4.879644445603018 45.77732303949937, 4.878169419919487 45.777002907345775, 4.877983258524443 45.776975792504054, 4.8767775187512425 45.77681456201162, 4.876756843652495 45.77687882846536)))
CHANTIER_412908;INSEE_69387;pvo_patrimoine_voirie.pvochantierperturbant.412908;412908;Rue Saint Jean de Dieu;travaux de voirie;Lyon 7e Arrondissement;69387;au Sud de la Rue Pierre Gilles de Gennes;2025-12-10;2026-07-03;;Chantier en cours;Chantier très perturbant;Circulation interdite;Autre;A vérifier;1;;;MULTIPOLYGON (((4.845112965760048 45.72528161208768, 4.8451737595688105 45.725275599763, 4.845059023394714 45.72451858604641, 4.844973712392884 45.72454258627192, 4.84510587833598 45.72528423907446, 4.845112965760048 45.72528161208768)))
CHANTIER_414026;INSEE_69266;pvo_patrimoine_voirie.pvochantierperturbant.414026;414026;Rue de la Poste;Travaux de voirie;Villeurbanne;69266;Au Sud de la place Jules Grandclément;2026-03-16;2026-05-29;De 7h à 17h, du lundi au vendredi;Chantier en cours;Chantier perturbant;Circulation réduite de jour;Autre;A vérifier;2;;;MULTIPOLYGON (((4.887657242007961 45.757989078311596, 4.887568156025663 45.75798207542032, 4.887435898511058 45.75872776091153, 4.887505235039599 45.758747812672425, 4.887531202726027 45.75862016921851, 4.887586573658198 45.75852596019265, 4.887657242007961 45.757989078311596)))
CHANTIER_413666;INSEE_69256;pvo_patrimoine_voirie.pvochantierperturbant.413666;413666;Avenue Paul Marcellin;Travaux d'aménagement de voirie;Vaulx-en-Velin;69256;Entre l'avenue Karl Marx et l'avenue Eugène Hénaff;2026-02-16;2026-05-11;Sens Sud/Nord;Chantier en cours;Chantier très perturbant;Circulation sens unique;Autre;A vérifier;1;;;MULTIPOLYGON (((4.931691584711353 45.77555952489816, 4.931864460438124 45.77559193865303, 4.932213796087724 45.774886112397205, 4.932477106992009 45.77388482185282, 4.93264436517883 45.773609799696814, 4.933035120649393 45.77322493674247, 4.933984267761898 45.77277402567183, 4.933828896138621 45.77266355207216, 4.93354087802165 45.7728063044434, 4.932974687879752 45.77308456981391, 4.932623339415443 45.773440485712506, 4.932230419186011 45.774200075269356, 4.932058518550603 45.77492409713327, 4.931691584711353 45.77555952489816)))
CHANTIER_413911;INSEE_69387;pvo_patrimoine_voirie.pvochantierperturbant.413911;413911;Place des Pavillons;Travaux de voirie;Lyon 7e Arrondissement;69387;Au Sud de l'allée d'Italie;2026-03-30;2026-04-30;;Chantier en cours;Chantier très perturbant;Circulation interdite;Autre;A vérifier;1;;;MULTIPOLYGON (((4.829408200954598 45.72963197233491, 4.829514739251906 45.729626961454336, 4.829507024803685 45.7295831285326, 4.829402018870522 45.72958701582771, 4.829408200954598 45.72963197233491)))
CHANTIER_414123;INSEE_69387;pvo_patrimoine_voirie.pvochantierperturbant.414123;414123;Rue de l'Université;Travaux de voie lyonnaise n°8;Lyon 7e Arrondissement;69387;Entre l'avenue Jean Jaurès et le quai Claude Bernard;2026-03-20;2026-04-30;;Chantier en cours;Chantier perturbant;Circulation réduite;Autre;A vérifier;2;;;MULTIPOLYGON (((4.836907640474165 45.75181019374898, 4.837061967815385 45.7519236630035, 4.838741161763807 45.75124292767462, 4.841169314581041 45.74975939392882, 4.8436132589242655 45.748301904585304, 4.8434608443930625 45.7482463935292, 4.840669654852004 45.74990452685009, 4.839157070028431 45.75084087833277, 4.838536762853878 45.75120933418384, 4.836907640474165 45.75181019374898)))
CHANTIER_413676;INSEE_69387;pvo_patrimoine_voirie.pvochantierperturbant.413676;413676;Avenue Leclerc;Travaux de voirie;Lyon 7e Arrondissement;69387;Au Nord de la rue Victor Lagrange;2026-03-30;2026-04-25;;Chantier en cours;Chantier très perturbant;Circulation interdite;Autre;A vérifier;1;;;MULTIPOLYGON (((4.832196158416117 45.74573855775095, 4.832057345666715 45.745569058085884, 4.831795212011389 45.745701551876515, 4.831932945068595 45.745838205889456, 4.832196158416117 45.74573855775095)))
CHANTIER_413668;INSEE_69256;pvo_patrimoine_voirie.pvochantierperturbant.413668;413668;Chemin Claude Debussy;Travaux tramway T9;Vaulx-en-Velin;69256;Entre la rue des Onchères et l'avenue Georges Dimitrov;2026-02-16;2026-05-15;;Chantier en cours;Chantier très perturbant;Circulation interdite;Autre;A vérifier;1;;;MULTIPOLYGON (((4.928430896984147 45.78030485780367, 4.9285328223580995 45.780349947349706, 4.92920814265501 45.77845914644015, 4.929135919976001 45.77844365060519, 4.928430896984147 45.78030485780367)))
CHANTIER_413667;INSEE_69256;pvo_patrimoine_voirie.pvochantierperturbant.413667;413667;Avenue Georges Dimitrov;Travaux de tramway T9;Vaulx-en-Velin;69256;A l'intersection avec l'avenue Paul Marcellin;2026-02-16;2026-05-15;;Chantier en cours;Chantier perturbant;Circulation alternée;Autre;A vérifier;2;;;MULTIPOLYGON (((4.930193811978546 45.77865219311448, 4.930273090969699 45.77871021538053, 4.9303134775673625 45.77878267873689, 4.930453737101122 45.77880786260819, 4.930520186140275 45.77875797016923, 4.930593683676417 45.77873658131553, 4.9306420648447515 45.77873364007427, 4.930669962103701 45.77866425855506, 4.930623765387716 45.77864277966299, 4.930594785350554 45.77859344574927, 4.930580129512864 45.77856401092014, 4.930431822835931 45.77852518224129, 4.930341073346154 45.77857336630736, 4.93021580041532 45.77858715293631, 4.930193811978546 45.77865219311448)))
CHANTIER_414124;INSEE_69387;pvo_patrimoine_voirie.pvochantierperturbant.414124;414124;Rue Marc Bloch;Travaux de voie lyonnaise n°8;Lyon 7e Arrondissement;69387;Entre la rue Garibaldi et l'avenue Jean Jaurès;2026-03-20;2026-04-30;;Chantier en cours;Chantier perturbant;Circulation réduite;Autre;A vérifier;2;;;MULTIPOLYGON (((4.843700764465315 45.74811301406641, 4.843768669059057 45.74823278743698, 4.845800560248426 45.747026912075135, 4.847714199333158 45.74592140961337, 4.847890917579959 45.74585138606201, 4.848389262306655 45.745646310084474, 4.848613840104113 45.74547701787522, 4.84887051794801 45.745311681033186, 4.848753557083279 45.74525538387975, 4.848221321894004 45.74559531755876, 4.847824340404557 45.7457718857701, 4.847552354128511 45.745861363636436, 4.846980427528222 45.74616164369571, 4.845494683812854 45.74705873565969, 4.843700764465315 45.74811301406641)))
CHANTIER_413665;INSEE_69256;pvo_patrimoine_voirie.pvochantierperturbant.413665;413665;Avenue Grandclément;Travaux d'aménagement de voirie;Vaulx-en-Velin;69256;Entre l'avenue Paul Marcellin et l'avenue Eugénie Cotton;2026-02-16;2026-05-11;;Chantier en cours;Chantier très perturbant;Circulation interdite;Autre;A vérifier;1;;;MULTIPOLYGON (((4.924367244368226 45.77115610716151, 4.925241323140525 45.771504229226856, 4.92641016301863 45.77161170122522, 4.9271129449602045 45.771679924310504, 4.9320630797098675 45.77265171810157, 4.932165351826302 45.77268768630273, 4.932201782650654 45.772767190618175, 4.932238541512852 45.772856115523176, 4.931931256089536 45.77351174028506, 4.932027741722007 45.77376932228548, 4.932122013305322 45.773574484797244, 4.932414038027849 45.77286727425565, 4.932409464541511 45.77273538553055, 4.932379600474629 45.77265105712904, 4.932215770049155 45.77258785497947, 4.927102631203648 45.77157641125362, 4.925380230975545 45.77143118327934, 4.924371536008516 45.77108533801372, 4.924367244368226 45.77115610716151)))
CHANTIER_413675;INSEE_69383;pvo_patrimoine_voirie.pvochantierperturbant.413675;413675;Route de Genas;Travaux de voirie;Lyon 3e Arrondissement;69383;Entre l'avenue Général Leclerc et la rue de la Fraternité;2026-02-23;2026-04-30;;Chantier en cours;Chantier perturbant;Circulation réduite;Autre;A vérifier;2;;;MULTIPOLYGON (((4.8864159943376615 45.75428522446159, 4.887536614921634 45.75430432849225, 4.891095310009029 45.75413214605942, 4.891212415227992 45.754198046623024, 4.891336371874545 45.75404270162604, 4.88873080374374 45.75416389113356, 4.887469656605684 45.754235080189574, 4.886437963716412 45.754191884811256, 4.8864159943376615 45.75428522446159)))
CHANTIER_414041;INSEE_69389;pvo_patrimoine_voirie.pvochantierperturbant.414041;414041;Rue de la Corderie;TRAVAUX EP;Lyon 9e Arrondissement;69389;;2026-03-19;2026-05-31;;Chantier en cours;Chantier perturbant;Circulation réduite;Autre;A vérifier;2;;;MULTIPOLYGON (((4.807087252133585 45.77678658466883, 4.807082442590186 45.776834046633496, 4.807332604331999 45.77684784394722, 4.807388129147679 45.77679809513343, 4.807087252133585 45.77678658466883)))
CHANTIER_412907;INSEE_69385;pvo_patrimoine_voirie.pvochantierperturbant.412907;412907;Quai Romain Rolland;travaux de voirie;Lyon 5e Arrondissement;69385;voie d'accès à la chaussée nord, sens Est/Ouest du pont Alphonse Juin;2025-12-01;2026-04-30;;Chantier en cours;Chantier très perturbant;Circulation interdite;Autre;A vérifier;1;;;MULTIPOLYGON (((4.829363338752541 45.763554989328426, 4.829462752264938 45.76354962250091, 4.829459537303505 45.763451674797295, 4.829500432282569 45.76338505578356, 4.82958262350521 45.763346042279586, 4.829583274362373 45.763283839642355, 4.829357459948029 45.763295009153936, 4.829363338752541 45.763554989328426)), ((4.829363300225212 45.76355499084795, 4.82936342387336 45.76355875813657, 4.829363338752541 45.763554989328426, 4.829363300225212 45.76355499084795)))
CHANTIER_414027;INSEE_69266;pvo_patrimoine_voirie.pvochantierperturbant.414027;414027;Rue Francis Chirat;Travaux de voirie;Villeurbanne;69266;Au Sud de la place Jules Grandclément;2026-03-16;2026-05-29;De 7h à 17h, du lundi au vendredi;Chantier en cours;Chantier perturbant;Circulation réduite de jour;Autre;A vérifier;2;;;MULTIPOLYGON (((4.889000444908851 45.75907212637139, 4.8890940493563875 45.759093187285615, 4.8892346748140545 45.758118376476375, 4.88914366406672 45.75811423468407, 4.889114606628922 45.758388932529684, 4.889151269904077 45.75839821780025, 4.889111641731974 45.758658956124876, 4.889073535219308 45.75866665685443, 4.889034673798181 45.758949998470754, 4.889061006163542 45.758952388242996, 4.889045667224019 45.75903603833464, 4.889000444908851 45.75907212637139)))
CHANTIER_414029;INSEE_69266;pvo_patrimoine_voirie.pvochantierperturbant.414029;414029;Rue Léon Blum;Travaux de voirie;Villeurbanne;69266;Entre la place Jules Grandclément et la rue Burais;2026-03-16;2026-05-29;De 7h à 17h, du lundi au vendredi;Chantier en cours;Chantier perturbant;Circulation réduite de jour;Autre;A vérifier;2;;;MULTIPOLYGON (((4.891103868717324 45.759526246156014, 4.891757869727814 45.759577566524605, 4.891756818886457 45.759487121463984, 4.891106567896113 45.759427257742196, 4.891103868717324 45.759526246156014)))
CHANTIER_414143;INSEE_69256;pvo_patrimoine_voirie.pvochantierperturbant.414143;414143;Avenue Maurice Thorez;Travaux Tramway T9;Vaulx-en-Velin;69256;Entre la rue Jean Perret et l'avenue Gabriel Péri;2026-03-10;2026-05-15;Sens Nord/Sud;Chantier en cours;Chantier très perturbant;Circulation interdite;Autre;A vérifier;1;;;MULTIPOLYGON (((4.912554022522793 45.782745383988086, 4.9126957686937684 45.782792029800845, 4.914021295633626 45.78058189713439, 4.914682652277793 45.77943701297199, 4.914830321990966 45.779146492476926, 4.915018267215099 45.77900850419496, 4.916464497915328 45.77853065551892, 4.9163185465610955 45.77836151696674, 4.9152543102735065 45.7787410094872, 4.914970289333239 45.77888674320689, 4.914734244294266 45.779154237321464, 4.913839362580372 45.780640112853625, 4.912554022522793 45.782745383988086)))
CHANTIER_414050;INSEE_69244;pvo_patrimoine_voirie.pvochantierperturbant.414050;414050;Impasse des Coquelicots;Travaux d'eau;Tassin-la-Demi-Lune;69244;;2026-03-23;2026-05-22;;Chantier en cours;Chantier perturbant;Circulation réduite;Autre;A vérifier;2;;;MULTIPOLYGON (((4.747491040366013 45.76577892297414, 4.747380879199469 45.76577656028127, 4.747376811408865 45.7669404379928, 4.747403279740132 45.76704546439732, 4.747447123420518 45.767150223961195, 4.747636386449416 45.76727302527237, 4.747764685945543 45.76729944058698, 4.748008558933148 45.76731596959482, 4.749127818745983 45.76734743101724, 4.7491437935364464 45.76730257977247, 4.747884907042295 45.76725298737109, 4.7477213499584625 45.767210893988654, 4.747639255037096 45.76717971360105, 4.747556269329252 45.76712016182397, 4.747508922523044 45.76708844767347, 4.747453242445848 45.76697576003225, 4.747491040366013 45.76577892297414)))
CHANTIER_409974;INSEE_69088;pvo_patrimoine_voirie.pvochantierperturbant.409974;409974;Rue Pierre Bouvier;Travaux de voirie;Fontaines-sur-Saône;69088;Au droit du chemin de la Petite Cadagne;2026-03-01;2026-05-31;;Chantier en cours;Chantier perturbant;Circulation réduite;Autre;A vérifier;2;;;MULTIPOLYGON (((4.85046828865305 45.83316469373182, 4.850506137656345 45.833226111675266, 4.850968133758827 45.83307386365946, 4.850909838477141 45.833006248440775, 4.85046828865305 45.83316469373182)))
CHANTIER_414024;INSEE_69266;pvo_patrimoine_voirie.pvochantierperturbant.414024;414024;Place Jules Grandclément;Travaux de voirie;Villeurbanne;69266;Entre l'avenue Général Leclerc et la rue Antonin Perrin;2026-03-16;2026-05-29;De 7h à 17h;Chantier en cours;Chantier perturbant;Circulation réduite de jour;Autre;A vérifier;2;;;MULTIPOLYGON (((4.88522943391598 45.75823735171882, 4.885502624085496 45.758360972898934, 4.885878781241105 45.75843581126468, 4.887450333169866 45.75894588140003, 4.88949204467066 45.7596573447481, 4.889610831077365 45.75963444965293, 4.889658933271019 45.75962057409838, 4.88885406543601 45.759354104759346, 4.8875310683663455 45.75890269755197, 4.888396661183579 45.75908709391762, 4.890539247369273 45.75946733908346, 4.890609498842913 45.75933540739406, 4.889238538725172 45.75912280759379, 4.888689449049304 45.75901685153105, 4.8874105298512065 45.75876347212095, 4.88667181887609 45.75857434878294, 4.8856987656187885 45.75830541651932, 4.885224748640607 45.758098819694155, 4.88522943391598 45.75823735171882)))
CHANTIER_414025;INSEE_69266;pvo_patrimoine_voirie.pvochantierperturbant.414025;414025;Rue Eugène Fournière;Travaux de voirie;Villeurbanne;69266;Au Sud de la place Jules Grandclément;2026-03-16;2026-05-29;De 7h à 17h, du lundi au vendredi;Chantier en cours;Chantier perturbant;Circulation réduite de jour;Autre;A vérifier;2;;;MULTIPOLYGON (((4.886882974855048 45.75861961427143, 4.886956395339094 45.75864101167993, 4.887058014155993 45.7578251616866, 4.886975411608112 45.75783077187458, 4.886882974855048 45.75861961427143)))
CHANTIER_414154;INSEE_69386;pvo_patrimoine_voirie.pvochantierperturbant.414154;414154;Rue Garibaldi;Travaux de canalisations;Lyon 6e Arrondissement;69386;Entre la rue Duquesne et la rue Crillon;2026-03-30;2026-05-01;De 7h à 17h;Chantier en cours;Chantier perturbant;Circulation réduite de jour;Autre;A vérifier;2;;;MULTIPOLYGON (((4.849635748089369 45.77299724610296, 4.849883909562639 45.77302330811697, 4.850031388314436 45.772121775167335, 4.850240586452901 45.77129824146449, 4.850290206144954 45.770849747878714, 4.849928348969494 45.77079919973922, 4.84972363448859 45.771919863732656, 4.849856706055797 45.772041848840765, 4.849759959334242 45.77285226751101, 4.849635748089369 45.77299724610296)))
CHANTIER_414142;INSEE_69256;pvo_patrimoine_voirie.pvochantierperturbant.414142;414142;Rue Jean Lesire;Travaux Tramway T9;Vaulx-en-Velin;69256;A hauteur de l'avenue Maurice Thorez;2026-03-10;2026-05-15;;Chantier en cours;Chantier très perturbant;Circulation interdite;Autre;A vérifier;1;;;MULTIPOLYGON (((4.913332111783418 45.78114321572154, 4.913395251261237 45.78117289777656, 4.913437263940279 45.78120505457978, 4.913446581345452 45.78125578343546, 4.913522143982621 45.78111775840687, 4.913445025705889 45.781122234807604, 4.913344101919775 45.78109530848708, 4.913332111783418 45.78114321572154)))
CHANTIER_413059;INSEE_69271;pvo_patrimoine_voirie.pvochantierperturbant.413059;413059;rue Benoît Berlioz;travaux de pose d'une grue;Chassieu;69271;au Nord de la rue Toulouse Lautrec;2025-12-08;2026-05-07;;Chantier en cours;Chantier perturbant;Circulation réduite;Autre;A vérifier;2;;;MULTIPOLYGON (((4.966629717876779 45.746946496215074, 4.966628129634486 45.746944403142656, 4.966631042941793 45.746855301150106, 4.966641224953419 45.746843463961525, 4.9666694553448725 45.74682813390074, 4.96671307960584 45.746819958623206, 4.966697740297234 45.746771456978564, 4.966360461712264 45.74678258883563, 4.966351568781665 45.746873914724226, 4.966366272543881 45.74690440466181, 4.966411466409876 45.74694072817316, 4.966452325412863 45.74694002177306, 4.966629717876779 45.746946496215074)))
CHANTIER_414136;INSEE_69034;pvo_patrimoine_voirie.pvochantierperturbant.414136;414136;Chemin des Bruyères;Travaux d'assainissement;Caluire-et-Cuire;69034;A l'Est du chemin petit;2026-03-20;2026-04-30;De 8h à 16h30;Chantier en cours;Chantier perturbant;Circulation réduite de jour;Autre;A vérifier;2;;;MULTIPOLYGON (((4.864527039336804 45.802474853355946, 4.864003266787048 45.80239045522965, 4.863176445096471 45.80226829557398, 4.862534600905639 45.80219838717167, 4.862270629216867 45.80214742295273, 4.862244421814517 45.802223235742474, 4.863015448893407 45.80228852009331, 4.863477082644045 45.80234127340564, 4.864510178152072 45.802507796733735, 4.864527039336804 45.802474853355946)))
CHANTIER_414061;INSEE_69388;pvo_patrimoine_voirie.pvochantierperturbant.414061;414061;Avenue des Frères Lumière;travaux d’aménagement de voirie;Lyon 8e Arrondissement;69388;entre Rue Docteur Amant Gélibert et Rue Villon;2026-03-23;2026-08-31;;Chantier en cours;Chantier très perturbant;Circulation interdite;Autre;A vérifier;1;;;MULTIPOLYGON (((4.866278574957183 45.74514788967461, 4.868258419110026 45.74463753964069, 4.868221310511805 45.74456735730089, 4.8662385325255615 45.745084391685054, 4.866278574957183 45.74514788967461)))
CHANTIER_413926;INSEE_69266;pvo_patrimoine_voirie.pvochantierperturbant.413926;413926;Avenue Paul Krüger;Travaux voirie;Villeurbanne;69266;;2026-03-23;2026-05-15;;Chantier en cours;Chantier perturbant;Circulation réduite;Autre;A vérifier;2;;;MULTIPOLYGON (((4.891494198421168 45.75553001518635, 4.891482852618638 45.755598361717766, 4.891980507761288 45.755665419128796, 4.891987013183027 45.75565574535691, 4.89206420337621 45.755665223279536, 4.892061194713598 45.755677231192585, 4.892397563253828 45.75567283146313, 4.8923851688125035 45.75560966253048, 4.892106685405384 45.75560831578569, 4.892055427694371 45.75560797216626, 4.891494198421168 45.75553001518635)))
CHANTIER_413730;INSEE_69029;pvo_patrimoine_voirie.pvochantierperturbant.413730;413730;Rue Louis Ailloud;Travaux d'aménagement;Bron;69029;A l'intersection avec l'avenue Franklin Roosevelt;2026-03-09;2026-05-17;;Chantier en cours;Chantier très perturbant;Circulation interdite;Autre;A vérifier;1;;;MULTIPOLYGON (((4.9095544998255445 45.733333237202956, 4.909634717544937 45.73345673857922, 4.909668578317979 45.73342137610604, 4.909603525715164 45.733313993655145, 4.9095544998255445 45.733333237202956)))
CHANTIER_414065;INSEE_69259;pvo_patrimoine_voirie.pvochantierperturbant.414065;414065;Rue Jean-Baptiste Croibier;Travaux de chauffage urbain;Vénissieux;69259;Sur l'ensemble de l'axe;2026-03-23;2026-05-04;;Chantier en cours;Chantier très perturbant;Circulation interdite;Autre;A vérifier;1;;;MULTIPOLYGON (((4.885456629643068 45.71827216979429, 4.885321708946582 45.71839294496009, 4.8848146102639225 45.71876754787908, 4.884727223056983 45.718864249359115, 4.884768342760031 45.71891860219971, 4.884965136655022 45.71901905966172, 4.885556699261503 45.71917647116656, 4.886161458685755 45.71874097632083, 4.886117673752931 45.71869725171843, 4.885521761120731 45.719126248946836, 4.884859091060872 45.7189213314349, 4.884824511122267 45.718881686607034, 4.884837324305211 45.71881373920004, 4.885011796694264 45.71870077639309, 4.885515228233997 45.71830718319785, 4.885456629643068 45.71827216979429)))
CHANTIER_414167;INSEE_69383;pvo_patrimoine_voirie.pvochantierperturbant.414167;414167;Rue Garibaldi;Travaux de voirie;Lyon 3e Arrondissement;69383;Entre la rue d'Arménie et le cours Gambetta;2026-03-30;2026-04-30;;Chantier en cours;Chantier perturbant;Circulation réduite;Autre;A vérifier;2;;;MULTIPOLYGON (((4.852992598973656 45.75459462535738, 4.8532420082971415 45.75463065954668, 4.853830370268619 45.75165389903571, 4.8535481394974225 45.75177878933445, 4.852992598973656 45.75459462535738)))
CHANTIER_413724;INSEE_69271;pvo_patrimoine_voirie.pvochantierperturbant.413724;413724;Chemin de la grange;Travaux de réseau;Chassieu;69271;A l'intersection avec l'avenue des Eglantines;2026-02-09;2026-05-04;;Chantier en cours;Chantier perturbant;Circulation alternée;Autre;A vérifier;2;;;MULTIPOLYGON (((4.963026558874405 45.74119480035312, 4.962955674195377 45.741009199156686, 4.963001261895931 45.740966651491235, 4.962974910746047 45.74088688070086, 4.962922374825424 45.740865808094576, 4.962903226061499 45.74081228912763, 4.9627471804391945 45.74083806064738, 4.962761352736332 45.74088397274281, 4.962749693437448 45.74090945024184, 4.962728390766585 45.74092850035334, 4.962656391388301 45.740934138771976, 4.962692501457386 45.741023631930275, 4.962736228060969 45.741017382458935, 4.962776933505464 45.74101448201714, 4.9628056703438626 45.74102827265392, 4.962820754034871 45.74105548654568, 4.962880757631874 45.74119951480837, 4.963026558874405 45.74119480035312)))
CHANTIER_414072;INSEE_69383;pvo_patrimoine_voirie.pvochantierperturbant.414072;414072;Rue Pierre Corneille;pose de canalisations;Lyon 3e Arrondissement;69383;entre Cours Lafayette et Rue de Bonnel;2026-03-30;2026-07-03;;Chantier en cours;Chantier très perturbant;Circulation interdite;Autre;A vérifier;1;;;MULTIPOLYGON (((4.843801360650009 45.763509547585116, 4.843935648425005 45.76350737132871, 4.844299459759229 45.76160408451746, 4.844180608129908 45.76159494709652, 4.843801360650009 45.763509547585116)))
CHANTIER_413480;INSEE_69386;pvo_patrimoine_voirie.pvochantierperturbant.413480;413480;Place Edgar Quinet;travaux d’aménagement de voirie;Lyon 6e Arrondissement;69386;;2026-02-13;2026-09-18;;Chantier en cours;Chantier perturbant;Circulation réduite;Autre;A vérifier;2;;;MULTIPOLYGON (((4.84455741625016 45.766351518784674, 4.845338763382106 45.76642387556935, 4.846412411217457 45.76652899525158, 4.846424791434568 45.7664712766149, 4.845360279177777 45.76637226045861, 4.844564523978175 45.76629638611403, 4.84455741625016 45.766351518784674)))
CHANTIER_414077;INSEE_69388;pvo_patrimoine_voirie.pvochantierperturbant.414077;414077;Avenue des Frères Lumière;travaux d’aménagement de voirie;Lyon 8e Arrondissement;69388;;2026-03-30;2026-12-31;;Chantier en cours;Chantier très perturbant;Circulation interdite;Autre;A vérifier;1;;;MULTIPOLYGON (((4.86118016820725 45.74675385759593, 4.863654052337108 45.74590549071768, 4.864081628160656 45.745768379454475, 4.8640446481178214 45.74569636936819, 4.861979268874216 45.74635349052357, 4.861176130220775 45.74663289598018, 4.8611504158803 45.7466393685323, 4.861111542142592 45.746640004610455, 4.86118016820725 45.74675385759593)))
CHANTIER_414071;INSEE_69383;pvo_patrimoine_voirie.pvochantierperturbant.414071;414071;Rue Rabelais;pose de canalisations;Lyon 3e Arrondissement;69383;entre Rue Molière et Avenue Maréchal de Saxe;2026-03-30;2026-07-03;;Chantier en cours;Chantier très perturbant;Circulation interdite;Autre;A vérifier;1;;;MULTIPOLYGON (((4.843294931964018 45.76255822184948, 4.844984987471522 45.76269710489397, 4.845002954688945 45.762635554406835, 4.844689553213176 45.76261088139837, 4.843314532909358 45.762470390645944, 4.843294931964018 45.76255822184948)))
CHANTIER_413481;INSEE_69386;pvo_patrimoine_voirie.pvochantierperturbant.413481;413481;Rue Vendôme;Des travaux d’aménagement de voirie;Lyon 6e Arrondissement;69386;;2026-02-13;2026-09-18;;Chantier en cours;Chantier perturbant;Circulation réduite;Autre;A vérifier;2;;;MULTIPOLYGON (((4.84538177782168 45.766638373264854, 4.845470689601438 45.76664672617356, 4.845537354465187 45.76633548104024, 4.845480278525612 45.76623193039966, 4.845597112515837 45.76574519965075, 4.845545610140756 45.765739505369275, 4.845431368833062 45.7663045508455, 4.84541557404853 45.76646152158941, 4.84538177782168 45.766638373264854)))
CHANTIER_413731;INSEE_69029;pvo_patrimoine_voirie.pvochantierperturbant.413731;413731;Rue Louis Ailloud;Travaux d'aménagement;Bron;69029;A l'intersection avec l'avenue de Verdun;2026-03-09;2026-05-17;;Chantier en cours;Chantier très perturbant;Circulation interdite;Autre;A vérifier;1;;;MULTIPOLYGON (((4.909056739598962 45.73416027040199, 4.909177879767837 45.73411321023435, 4.909120351245302 45.73405482189189, 4.908975911930073 45.73410432072687, 4.909056739598962 45.73416027040199)))
CHANTIER_410777;INSEE_69388;pvo_patrimoine_voirie.pvochantierperturbant.410777;410777;rue Varichon;travaux de voirie;Lyon 8e Arrondissement;69388;entre la rue de la Concorde et l'avenue Paul Santy;2025-08-01;2027-03-31;sens Sud / Nord;Chantier en cours;Chantier très perturbant;Circulation sens unique;Autre;A vérifier;1;;;MULTIPOLYGON (((4.87163525076902 45.733573257176126, 4.87166607722593 45.73352443787825, 4.869928952345807 45.73218607517227, 4.869877655076178 45.73222954691337, 4.87163525076902 45.733573257176126)))
CHANTIER_413706;INSEE_69259;pvo_patrimoine_voirie.pvochantierperturbant.413706;413706;Avenue de la République;Travaux T10;Vénissieux;69259;Entre l'allée des Erables et la rue Georges Clémenceau;2026-02-17;2026-05-04;;Chantier en cours;Chantier perturbant;Circulation réduite;Autre;A vérifier;2;;;MULTIPOLYGON (((4.864366029768878 45.7079455741153, 4.865148897499886 45.70784980229411, 4.865898323391726 45.70775244724918, 4.866635828153625 45.70766166242989, 4.867268371851941 45.70760874518441, 4.867320055854795 45.70752071529441, 4.86433306924813 45.70786743932806, 4.864366029768878 45.7079455741153)))
CHANTIER_413725;INSEE_69029;pvo_patrimoine_voirie.pvochantierperturbant.413725;413725;Rue de la Batterie;Travaux de branchement;Bron;69029;Sur l'ensemble de l'axe;2026-02-23;2026-05-20;;Chantier en cours;Chantier perturbant;Circulation alternée;Autre;A vérifier;2;;;MULTIPOLYGON (((4.912699708595684 45.747133303083764, 4.912798087569265 45.74714451209285, 4.9132618971176045 45.74638202327019, 4.91357728518634 45.74593505337321, 4.913616455672734 45.74582719391815, 4.914070474310326 45.74460176088216, 4.914184712247417 45.744539806386925, 4.914837438433715 45.74446449942626, 4.914724908055297 45.74439778543968, 4.913931989813792 45.744492603074676, 4.913948498565106 45.74461667784155, 4.913496389192981 45.74589782233909, 4.912699708595684 45.747133303083764)))
CHANTIER_414088;INSEE_69388;pvo_patrimoine_voirie.pvochantierperturbant.414088;414088;Avenue Viviani;travaux d’aménagement de voirie;Lyon 8e Arrondissement;69388;entre Rue Professeur Marcel Dargent et Boulevard des Etats-Unis;2026-03-31;2026-04-30;;Chantier en cours;Chantier perturbant;Circulation réduite;Autre;A vérifier;2;;;MULTIPOLYGON (((4.87211022831458 45.724118006796935, 4.872194009193481 45.724288457042185, 4.881881397776659 45.72155106629513, 4.881731251661192 45.72139734130094, 4.87211022831458 45.724118006796935)))
CHANTIER_412028;INSEE_69381;pvo_patrimoine_voirie.pvochantierperturbant.412028;412028;place des Terreaux;travaux de voirie;Lyon 1er Arrondissement;69381;sur l'ensemble de l'axe;2025-10-13;2026-07-01;;Chantier en cours;Chantier perturbant;Circulation réduite;Autre;A vérifier;2;;;MULTIPOLYGON (((4.83299023759064 45.76725577877474, 4.83416525281955 45.76739952983961, 4.834156026686471 45.767281741842766, 4.833009860056747 45.767159809560155, 4.83299023759064 45.76725577877474)), ((4.832989123258251 45.76726123283993, 4.83299023759064 45.76725577877474, 4.832988938648721 45.767255619695824, 4.832989123258251 45.76726123283993)))
CHANTIER_409361;INSEE_69256;pvo_patrimoine_voirie.pvochantierperturbant.409361;409361;Rue Louis Aragon;Construction immobilière,;Vaulx-en-Velin;69256;Entre Alferd Ancel et l'avenue Paul Marcelin;2025-05-05;2026-05-04;;Chantier en cours;Chantier perturbant;Circulation alternée;Autre;A vérifier;2;;;MULTIPOLYGON (((4.92873383748027 45.78215929168135, 4.928715705943696 45.7822425667097, 4.929231152673004 45.78230314570154, 4.929264295601598 45.782176557156006, 4.929184813743603 45.78222201374325, 4.928981313763056 45.782197107095236, 4.928966021139495 45.782188964379735, 4.92873383748027 45.78215929168135)))
CHANTIER_413739;INSEE_69266;pvo_patrimoine_voirie.pvochantierperturbant.413739;413739;Rue des Roses;Travaux d'assainissement;Villeurbanne;69266;Entre la rue Combet et la rue Jules Guesde;2026-02-21;2026-05-02;Sens Nord/Sud;Chantier en cours;Chantier très perturbant;Circulation sens unique;Autre;A vérifier;1;;;MULTIPOLYGON (((4.906498617652986 45.75567931604566, 4.906658560515956 45.75569025755682, 4.906637716070839 45.75564974062047, 4.906747317504604 45.7544164775272, 4.906804450364062 45.75438010241751, 4.906597742193399 45.75436722055896, 4.906498617652986 45.75567931604566)))
CHANTIER_413145;INSEE_69389;pvo_patrimoine_voirie.pvochantierperturbant.413145;413145;Rue de Bourgogne;Travaux VL 4;Lyon 9e Arrondissement;69389;Entre rue Tissot et rue Nerard;2026-01-08;2026-07-15;;Chantier en cours;Chantier très perturbant;Circulation interdite;Autre;A vérifier;1;;;MULTIPOLYGON (((4.803459563525114 45.777361014816485, 4.803605106737043 45.77737933748506, 4.803862294810133 45.77712771161942, 4.80394825363686 45.77697506815359, 4.8039716407598725 45.776938596219004, 4.803884696893348 45.7769090310985, 4.803459563525114 45.777361014816485)))
CHANTIER_413165;INSEE_69383;pvo_patrimoine_voirie.pvochantierperturbant.413165;413165;Boulevard Marius Vivier-Merle;travaux de voirie;Lyon 3e Arrondissement;69383;au Sud de l'Avenue Félix Faure;2026-01-20;2026-05-15;;Chantier en cours;Chantier perturbant;Circulation réduite;Autre;A vérifier;2;;;MULTIPOLYGON (((4.859407137882774 45.753137844306615, 4.859328198408462 45.75353229792905, 4.859525628374599 45.75354921251478, 4.85960033636561 45.75315575403489, 4.859407137882774 45.753137844306615)), ((4.859405898518555 45.753137729560706, 4.859407137882774 45.753137844306615, 4.859407376908233 45.753136646063574, 4.859405898518555 45.753137729560706)))
CHANTIER_413755;INSEE_69266;pvo_patrimoine_voirie.pvochantierperturbant.413755;413755;Rue du Canal;Travaux d'assainissement;Villeurbanne;69266;;2026-02-13;2026-04-30;;Chantier en cours;Chantier perturbant;Circulation alternée;Autre;A vérifier;2;;;MULTIPOLYGON (((4.905932261495581 45.769514107964625, 4.905862805393038 45.76937386184246, 4.905398080007206 45.76961072862886, 4.904855758791872 45.76994222275516, 4.904522300372876 45.77023628088069, 4.90433576967674 45.77045434518921, 4.904256649837783 45.770622533521305, 4.904109462237314 45.77092761345666, 4.903991397984407 45.771138875596094, 4.904252505102617 45.77121086736656, 4.904611980114652 45.77120485116027, 4.9046261086310965 45.77114522300391, 4.904427324832844 45.771123096076124, 4.904353753403449 45.77109887338946, 4.904270944451657 45.771040867531674, 4.9042794879549785 45.770936080802734, 4.904373025335278 45.77071674415821, 4.9046031950403775 45.770356539086094, 4.904842230976565 45.77013759448746, 4.905228869930503 45.76986244309924, 4.90559368880316 45.769658360025005, 4.905932261495581 45.769514107964625)))
CHANTIER_414106;INSEE_69256;pvo_patrimoine_voirie.pvochantierperturbant.414106;414106;avenue Bataillon Carmagnole Liberté,;aménagements de voirie pour le tramway T9;Vaulx-en-Velin;69256;entre l'allée du Textile et la rue de la Poudrette,;2026-03-17;2026-05-01;;Chantier en cours;Chantier très perturbant;Circulation interdite;Autre;A vérifier;1;;;MULTIPOLYGON (((4.921154836157493 45.75920926873132, 4.922018460948984 45.75915905160791, 4.9224109046588875 45.75913298530204, 4.9228289765141895 45.75904494220268, 4.922999090033486 45.759012914482035, 4.923266551141981 45.758985719360346, 4.925677927618911 45.758863949706715, 4.925675131691709 45.7587830191363, 4.9230517970063055 45.758931044831506, 4.922941358607183 45.758949107861795, 4.922495873682015 45.759047332405956, 4.9223576871719175 45.759065862863245, 4.92115193519896 45.75912510068166, 4.921154836157493 45.75920926873132)))
CHANTIER_414108;INSEE_69029;pvo_patrimoine_voirie.pvochantierperturbant.414108;414108;Avenue François Mitterrand;Travaux de sondages géotechniques;Bron;69029;Entre l'avenue Pierre Brossolette et la rue de la Pagère;2026-03-13;2026-05-03;De 00h30 à 5h30;Chantier en cours;Chantier très perturbant;Circulation interdite de nuit;Autre;A vérifier;1;;;MULTIPOLYGON (((4.916850491627597 45.73690691422142, 4.922352767301215 45.73813338770285, 4.922488748461197 45.73818027111454, 4.922526035795326 45.738198885540434, 4.922588653838705 45.738155060393474, 4.916845016490855 45.73683644216186, 4.916850491627597 45.73690691422142)))
CHANTIER_414189;INSEE_69117;pvo_patrimoine_voirie.pvochantierperturbant.414189;414189;Allée de la chapelle;Travaux de télécom;Lissieu;69117;A l'Est de l'allée du Château;2026-03-26;2026-04-27;De 7h30 à 17h30;Chantier en cours;Chantier perturbant;Circulation réduite de jour;Autre;A vérifier;2;;;MULTIPOLYGON (((4.744759041886988 45.84470465074584, 4.744997101487523 45.844825180318374, 4.745042699539422 45.844775031249235, 4.744800028616946 45.84465786994119, 4.744759041886988 45.84470465074584)))
CHANTIER_413511;INSEE_69029;pvo_patrimoine_voirie.pvochantierperturbant.413511;413511;Route de Genas;Travaux BHNS;Bron;69029;Entre la rue Georges Clemenceau et le pont du périphérique L. Bonnevay;2026-02-09;2026-12-18;;Chantier en cours;Chantier perturbant;Circulation réduite;Autre;A vérifier;2;;;MULTIPOLYGON (((4.899728766774361 45.75261032168813, 4.900536631701337 45.75241785190596, 4.90069964642529 45.75237527362723, 4.90084783700759 45.75236172695063, 4.901033581727154 45.752336481113865, 4.901339369856656 45.75230701536259, 4.90199933092339 45.752183061821164, 4.90375913677015 45.751850287796664, 4.905755311616632 45.7514935995082, 4.906148237328221 45.75142280523977, 4.906324493842529 45.75139771056533, 4.906510384253098 45.75137688234425, 4.906617933144304 45.75137729383389, 4.906754231604433 45.751386079704, 4.90745564120352 45.75127246982068, 4.907388522742287 45.750974687458964, 4.9069428507700925 45.75107515363758, 4.906711136346143 45.75114324767053, 4.906539857971212 45.75122139878018, 4.906395816450896 45.75126366758518, 4.904717776312244 45.75158182930601, 4.9047044521830605 45.751562124639655, 4.9028754213966055 45.751904928856234, 4.90271744761009 45.75190978546351, 4.901142926443043 45.75220402033692, 4.901030638770415 45.75225017971991, 4.899725649839854 45.75251885608397, 4.899728766774361 45.75261032168813)))
CHANTIER_413876;INSEE_69383;pvo_patrimoine_voirie.pvochantierperturbant.413876;413876;Rue de la Villette;Travaux;Lyon 3e Arrondissement;69383;Au droit de la gare;2026-02-16;2026-06-12;;Chantier en cours;Chantier perturbant;Circulation réduite;Autre;A vérifier;2;;;MULTIPOLYGON (((4.86159101460509 45.76121142425834, 4.861654543452382 45.761206670343824, 4.861625843509329 45.760029551780214, 4.861562068033792 45.76002688091319, 4.86159101460509 45.76121142425834)))
CHANTIER_413774;INSEE_69381;pvo_patrimoine_voirie.pvochantierperturbant.413774;413774;Rue Joseph Serlin;travaux d’aménagement de voirie;Lyon 1er Arrondissement;69381;;2026-03-02;2026-10-07;;Chantier en cours;Chantier très perturbant;Circulation interdite;Autre;A vérifier;1;;;MULTIPOLYGON (((4.83507936288429 45.76742607418516, 4.835395280233242 45.76745509312895, 4.835414915222205 45.76736817923066, 4.8350951640402275 45.76733659862299, 4.83507936288429 45.76742607418516)))
CHANTIER_413979;INSEE_69259;pvo_patrimoine_voirie.pvochantierperturbant.413979;413979;Rue Antoine Billon;Travaux de voirie;Vénissieux;69259;A l'intersection avec la rue Gaspard Picard;2026-03-04;2026-12-31;;Chantier en cours;Chantier perturbant;Circulation réduite;Autre;A vérifier;2;;;MULTIPOLYGON (((4.877490353476376 45.698133286956235, 4.877701944178055 45.698082085535226, 4.877659977723892 45.698048855655934, 4.877538003882882 45.69806571250547, 4.877407506496093 45.69805408707438, 4.877490353476376 45.698133286956235)))
CHANTIER_411689;INSEE_69383;pvo_patrimoine_voirie.pvochantierperturbant.411689;411689;Rue David;Travaux BHNS;Lyon 3e Arrondissement;69383;Entre l'avenue Félix Faure et la rue de la Metallurgie;2025-10-29;2026-10-14;;Chantier en cours;Chantier très perturbant;Circulation interdite;Autre;A vérifier;1;;;MULTIPOLYGON (((4.867553154839138 45.75451512606135, 4.867649208299968 45.75454679800656, 4.867705266194056 45.75450387959067, 4.867725604745164 45.75451404450798, 4.868583717856444 45.754086973059756, 4.868514033047531 45.75402162080506, 4.867553154839138 45.75451512606135)))
CHANTIER_413985;INSEE_69383;pvo_patrimoine_voirie.pvochantierperturbant.413985;413985;Route de Genas;Travaux d'aménagement de voirie;Lyon 3e Arrondissement;69383;Entre la rue Saint-Isidore et la rue Frédéric Mistral;2026-03-20;2026-05-15;;Chantier en cours;Chantier perturbant;Circulation réduite;Autre;A vérifier;2;;;MULTIPOLYGON (((4.876216996984477 45.75496108105396, 4.878037697630923 45.755018150167174, 4.878396241430069 45.75500552971012, 4.879530109655785 45.75484943235888, 4.881236077760977 45.754626906494714, 4.883829848619256 45.754332697660836, 4.883816887031834 45.754232398361125, 4.8807569313370776 45.754611376132125, 4.878216992286843 45.75494148015621, 4.876194931583401 45.754874333632266, 4.876216996984477 45.75496108105396)))
CHANTIER_413878;INSEE_69256;pvo_patrimoine_voirie.pvochantierperturbant.413878;413878;Route de Genas;Travaux d'aménagement;Vaulx-en-Velin;69256;Entre l'avenue Roger Salengro et la rue André Chénier;2026-03-02;2026-04-30;De 7h à 17h;Chantier en cours;Chantier perturbant;Circulation réduite de jour;Autre;A vérifier;2;;;MULTIPOLYGON (((4.92355743190586 45.747254687057975, 4.926760425142362 45.746108355203425, 4.926642169194746 45.745997043533876, 4.925610401954555 45.746340784312146, 4.923602781749859 45.74711325389604, 4.923505035825645 45.74711099983584, 4.92355743190586 45.747254687057975)))
CHANTIER_413986;INSEE_69383;pvo_patrimoine_voirie.pvochantierperturbant.413986;413986;Rue Feuillat;Travaux d'aménagement de voirie;Lyon 3e Arrondissement;69383;Au Sud de la route de Genas;2026-03-20;2026-05-15;;Chantier en cours;Chantier perturbant;Circulation réduite;Autre;A vérifier;2;;;MULTIPOLYGON (((4.877261184577038 45.75455752138253, 4.877149610489078 45.75457208359156, 4.877168497974916 45.75477319271955, 4.877185075181923 45.754770798698175, 4.877211025530852 45.75486684037512, 4.87716964487093 45.75489720626166, 4.877319844325412 45.75490532915387, 4.8772965698331205 45.754888751243136, 4.877275602610474 45.75476082472968, 4.877304289728001 45.75475823084943, 4.877261184577038 45.75455752138253)))
CHANTIER_413975;INSEE_69029;pvo_patrimoine_voirie.pvochantierperturbant.413975;413975;Route de Genas;Travaux BHNS;Bron;69029;Entre la rue des Gendarmes et la rue Jacques Daligand;2026-03-23;2026-08-16;Sens Ouest/Est;Chantier en cours;Chantier perturbant;Circulation réduite;Autre;A vérifier;2;;;MULTIPOLYGON (((4.9054146692237435 45.75145118179504, 4.905529863856376 45.75154528277204, 4.905562769383796 45.75152513318185, 4.908420140501261 45.75100883971564, 4.908828337166039 45.750911839798924, 4.908690267849796 45.75072209699299, 4.908604943796234 45.75076468482717, 4.908204002378414 45.75082824545087, 4.908081300314483 45.750842061889976, 4.906573872411744 45.75121226209066, 4.906349256049488 45.75127481995839, 4.9054146692237435 45.75145118179504)))
CHANTIER_413984;INSEE_69383;pvo_patrimoine_voirie.pvochantierperturbant.413984;413984;Route de Genas;Travaux d'aménagement de voirie;Lyon 3e Arrondissement;69383;Entre la rue Dauphiné et la rue Frédéric Mistral;2026-03-20;2026-05-15;;Chantier en cours;Chantier perturbant;Circulation réduite;Autre;A vérifier;2;;;MULTIPOLYGON (((4.8756810473136785 45.754945195282886, 4.875714215289795 45.75492085787165, 4.87593231705215 45.75492915631293, 4.876006936836265 45.75494306610732, 4.876029062544069 45.75495784065717, 4.876072326701435 45.75486628880158, 4.875691161279346 45.75483256151133, 4.8756810473136785 45.754945195282886)))
CHANTIER_406123;INSEE_69266;pvo_patrimoine_voirie.pvochantierperturbant.406123;406123;Rue Armand;Travaux de voirie;Villeurbanne;69266;Entre la rue Château Gaillard et la rue Emile Dunière;2024-10-21;2026-09-30;Sens Ouest-Est;Chantier en cours;Chantier très perturbant;Circulation sens unique;Autre;A vérifier;1;;;MULTIPOLYGON (((4.883913786280067 45.77841331121974, 4.883990204202158 45.778434518187105, 4.8846814565995915 45.778660634446936, 4.884993237603751 45.77879030277849, 4.885029541144696 45.778778465485985, 4.8849612068753485 45.778725022992, 4.883965596227555 45.77838516642058, 4.883913786280067 45.77841331121974)))
CHANTIER_413998;INSEE_69286;pvo_patrimoine_voirie.pvochantierperturbant.413998;413998;Route de Genève;Travaux réseaux;Rillieux-la-Pape;69286;À l'intersection avec le Chemin des pécheurs et la montée de la Velette;2026-03-09;2026-04-30;9h-16h;Chantier en cours;Chantier perturbant;Circulation réduite;Autre;A vérifier;2;;;MULTIPOLYGON (((4.904424614152872 45.808664118258456, 4.904611119093104 45.808648202184955, 4.9045505786690375 45.808542576089486, 4.9043439011129895 45.80856309469856, 4.904424614152872 45.808664118258456)))
CHANTIER_414002;INSEE_69383;pvo_patrimoine_voirie.pvochantierperturbant.414002;414002;Avenue Félix Faure;travaux d’aménagement de voirie;Lyon 3e Arrondissement;69383;entre Rue Jeanne Hachette et Rue Frédéric Mistral;2026-03-20;2026-05-15;;Chantier en cours;Chantier perturbant;Circulation réduite;Autre;A vérifier;2;;;MULTIPOLYGON (((4.863330056585696 45.75408017363014, 4.86330238301023 45.75421591373468, 4.876056007115276 45.75576503853446, 4.8760729178478375 45.75562947234649, 4.863330056585696 45.75408017363014)))
CHANTIER_401941;INSEE_69385;pvo_patrimoine_voirie.pvochantierperturbant.401941;401941;Montée Saint-Barthélemy;Travaux d'aménagement;Lyon 5e Arrondissement;69385;Au Nord de la place de l'Antiquaire;2024-01-10;2026-12-31;;Chantier en cours;Chantier perturbant;Circulation réduite;Autre;A vérifier;2;;;MULTIPOLYGON (((4.823507431561888 45.76039606251456, 4.823399819524574 45.76046573133564, 4.823565604097221 45.76060665574039, 4.823715208393406 45.760756812448946, 4.8237573249970875 45.760812544105185, 4.823887114208555 45.760748928453374, 4.823832015457536 45.7606882775577, 4.823507431561888 45.76039606251456)))
CHANTIER_414013;INSEE_69256;pvo_patrimoine_voirie.pvochantierperturbant.414013;414013;Allée du stade;Travaux de chauffage urbain;Vaulx-en-Velin;69256;Au Sud de l'avenue Bataillon Carmagnole Liberté;2026-03-16;2026-05-29;;Chantier en cours;Chantier très perturbant;Circulation interdite;Autre;A vérifier;1;;;MULTIPOLYGON (((4.9259068619717965 45.758340749611506, 4.925683173748834 45.75835407753851, 4.925704943552953 45.75876503655505, 4.925955988273661 45.7587544262528, 4.9259068619717965 45.758340749611506)))
CHANTIER_414018;INSEE_69382;pvo_patrimoine_voirie.pvochantierperturbant.414018;414018;Pont Pasteur;travaux d’aménagement de voirie;Lyon 2e Arrondissement;69382;;2026-03-23;2026-07-31;;Chantier en cours;Chantier perturbant;Circulation réduite;Autre;A vérifier;2;;;MULTIPOLYGON (((4.82295741202417 45.73277504912408, 4.823641394134121 45.7325982625781, 4.8235695637637725 45.73244801410642, 4.822886643178937 45.73265722623118, 4.82295741202417 45.73277504912408)))
CHANTIER_414019;INSEE_69383;pvo_patrimoine_voirie.pvochantierperturbant.414019;414019;Rue de la Villette;travaux d’aménagement de voirie;Lyon 3e Arrondissement;69383;entre Cours Lafayette et Avenue Georges Pompidou;2026-03-23;2026-05-04;;Chantier en cours;Chantier perturbant;Circulation réduite;Autre;A vérifier;2;;;MULTIPOLYGON (((4.8618173423061375 45.76359393874633, 4.861992369909415 45.76358230465029, 4.861806361152136 45.759139137712076, 4.861643285434125 45.75913303645144, 4.8618173423061375 45.76359393874633)))
CHANTIER_414347;INSEE_69072;pvo_patrimoine_voirie.pvochantierperturbant.414347;414347;Avenue de Verdun;Réglementation de la circulation;Dardilly;69072;;2026-03-20;2026-04-30;;Chantier en cours;Chantier perturbant;Circulation alternée;Autre;A vérifier;2;;;MULTIPOLYGON (((4.7511521971694055 45.80911635161688, 4.750935738547337 45.81243965064019, 4.75086321377979 45.81310793355343, 4.750995980263207 45.813118241076076, 4.751240879524118 45.80911352622729, 4.7511521971694055 45.80911635161688)))
CHANTIER_406216;INSEE_69387;pvo_patrimoine_voirie.pvochantierperturbant.406216;406216;Rue de Gerland;Travaux Tramway T10;Lyon 7e Arrondissement;69387;Entre la rue Jean Baldassini et l'avenue Tony Garnier;2024-10-21;2026-12-31;;Chantier en cours;Chantier perturbant;Circulation réduite;Autre;A vérifier;2;;;MULTIPOLYGON (((4.837565639808545 45.7275964171532, 4.837695138491063 45.72759157288387, 4.837678766021025 45.72697544727556, 4.837740901399048 45.72683410411745, 4.837791708462579 45.72634897653378, 4.837519578794308 45.726317602382096, 4.837546583772479 45.72642173250995, 4.837565639808545 45.7275964171532)))
CHANTIER_413578;INSEE_69388;pvo_patrimoine_voirie.pvochantierperturbant.413578;413578;Avenue des Frères Lumières;Travaux de voirie;Lyon 8e Arrondissement;69388;A l'intersection avec la rue Saint-Gervais;2026-02-18;2027-02-12;;Chantier en cours;Chantier perturbant;Circulation alternée;Autre;A vérifier;2;;;MULTIPOLYGON (((4.863913331390087 45.74573479975487, 4.863968391649615 45.74580645328447, 4.864496537606346 45.74564792761605, 4.864465604724422 45.74558658377814, 4.864433702412521 45.74559781167284, 4.863913331390087 45.74573479975487)))
CHANTIER_413274;INSEE_69259;pvo_patrimoine_voirie.pvochantierperturbant.413274;413274;Rue Jules Serval;Travaux de tramway T10;Vénissieux;69259;Sur l'ensemble de l'axe;2026-01-16;2026-04-26;Sens Sud/Nord;Chantier en cours;Chantier très perturbant;Circulation interdite;Autre;A vérifier;1;;;MULTIPOLYGON (((4.872509015982927 45.70700184737392, 4.872564035353303 45.707050046826225, 4.8725955474248295 45.70709395696475, 4.872763617483251 45.70782544410923, 4.872763027542578 45.70790729756562, 4.872695485225616 45.70798323836991, 4.873034246959405 45.70793322717041, 4.872949910271846 45.707906556533935, 4.872887904590537 45.70784911831147, 4.872707472662122 45.70704768360989, 4.872751583607346 45.70696978965647, 4.872509015982927 45.70700184737392)))
CHANTIER_413273;INSEE_69259;pvo_patrimoine_voirie.pvochantierperturbant.413273;413273;Rue Marius Martin;Travaux Tramway T10;Vénissieux;69259;Sur l'ensemble de l'axe;2026-01-16;2026-04-26;Sens Nord/Sud;Chantier en cours;Chantier perturbant;Circulation interdite;Autre;A vérifier;2;;;MULTIPOLYGON (((4.868722554843025 45.70745646279593, 4.8688386978337155 45.70768000350892, 4.869012038662334 45.70848818607326, 4.869096105060625 45.70862734393953, 4.869255451745545 45.70876819157242, 4.869388366262988 45.70886848258612, 4.869437449020272 45.70896136882663, 4.8695679709581245 45.70886552857833, 4.869474806194768 45.70882899850186, 4.86925462819986 45.708618881459074, 4.869166876234214 45.708494424256266, 4.86900231709961 45.70782370901234, 4.868949276510422 45.70748787053718, 4.869009770168001 45.70742246132277, 4.868722554843025 45.70745646279593)))
CHANTIER_413298;INSEE_69266;pvo_patrimoine_voirie.pvochantierperturbant.413298;413298;Rue de la Feyssine;Travaux d'aménagement urbain;Villeurbanne;69266;Entre l'avenue Albert Einstein et l'avenue Roger Salengro;2026-01-26;2026-06-15;Nord/Sud;Chantier en cours;Chantier très perturbant;Circulation sens unique;Autre;A vérifier;1;;;MULTIPOLYGON (((4.889169198392671 45.78482939049837, 4.889239756102197 45.784963235881435, 4.889413066015952 45.784832449217774, 4.890437421623021 45.78299271975304, 4.890542077065454 45.782934132668515, 4.890393445831615 45.78289396416204, 4.889274701530437 45.78479566208688, 4.889169198392671 45.78482939049837)))
CHANTIER_411168;INSEE_69382;pvo_patrimoine_voirie.pvochantierperturbant.411168;411168;Rue Gentil;Travaux ZTF;Lyon 2e Arrondissement;69382;Entre la rue de la Bourse et la ru du President Edouard Herriot;2025-08-14;2026-12-31;;Chantier en cours;Chantier très perturbant;Circulation interdite;Autre;A vérifier;1;;;MULTIPOLYGON (((4.834401182241983 45.764892729430265, 4.834416997812337 45.764890886811855, 4.835216042808332 45.764912923133814, 4.835766475943915 45.764961186787176, 4.836786547154269 45.76501456657868, 4.836791151569237 45.76494782505853, 4.835703497891377 45.764908234084466, 4.835111426490703 45.764835244051476, 4.834399145857349 45.76483085711994, 4.834401182241983 45.764892729430265)))
CHANTIER_406124;INSEE_69266;pvo_patrimoine_voirie.pvochantierperturbant.406124;406124;Rue Emile Dunière;Travaux de voirie;Villeurbanne;69266;Entre la rue Armand et l'avenue Roger Salengro;2024-10-21;2026-09-30;Sens Sud/Nord;Chantier en cours;Chantier très perturbant;Circulation sens unique;Concessionnaire;A vérifier;1;;;MULTIPOLYGON (((4.885051258359358 45.778876703330944, 4.884991478462649 45.778877693474406, 4.884390412646478 45.78088135420895, 4.884439583396283 45.78088814984146, 4.885051258359358 45.778876703330944)))
CHANTIER_406215;INSEE_69387;pvo_patrimoine_voirie.pvochantierperturbant.406215;406215;Avenue Jean Jaurès;Travaux Tramway T10;Lyon 7e Arrondissement;69387;Entre la rue Jean-Pierre Chevrot et la rue Benjamin Delessert;2024-10-21;2026-12-31;;Chantier en cours;Chantier perturbant;Circulation réduite;Autre;A vérifier;2;;;MULTIPOLYGON (((4.831899749489112 45.728224166179494, 4.831458065322907 45.72750194572292, 4.829921494985377 45.724931841543196, 4.829796332685667 45.72500331598105, 4.830546001938387 45.72626138320963, 4.831659665711953 45.72824787938496, 4.831899749489112 45.728224166179494)))
CHANTIER_411543;INSEE_69194;pvo_patrimoine_voirie.pvochantierperturbant.411543;411543;Chemin des Rivières;Travaux de rejointement;Saint-Didier-au-Mont-d'Or;69194;A l'Ouest du chemin de Charrières;2025-09-11;2026-12-31;;Chantier en cours;Chantier très perturbant;Circulation interdite;Autre;A vérifier;1;;;MULTIPOLYGON (((4.801752313410349 45.792473800717936, 4.802190108182151 45.79255588338581, 4.802107119846772 45.792467085609154, 4.8017712681148845 45.79242844539315, 4.801752313410349 45.792473800717936)))
CHANTIER_411747;INSEE_69286;pvo_patrimoine_voirie.pvochantierperturbant.411747;411747;Boulevard des Loisirs;travaux de l'usine de traitement d'eau potable;Rillieux-la-Pape;69286;;2025-10-01;2028-10-30;de 08h00 à 18h00;Chantier en cours;Chantier très perturbant;Circulation interdite de jour;Autre;A vérifier;1;;;MULTIPOLYGON (((4.906961820621693 45.80569991693627, 4.906961708879967 45.805696653481746, 4.9094312444768775 45.80569771012327, 4.909580431348654 45.805691943794116, 4.909707296593274 45.80571593510759, 4.909723496115535 45.805643836077664, 4.909568191324887 45.80560726222857, 4.906935587186934 45.80561546951419, 4.906961820621693 45.80569991693627)))
CHANTIER_413352;INSEE_69387;pvo_patrimoine_voirie.pvochantierperturbant.413352;413352;Avenue Debourg;travaux d'aménagement de tramway T10;Lyon 7e Arrondissement;69387;entre Rue de Saint-Cloud et Rue Jonas Salk;2026-01-23;2026-12-31;;Chantier en cours;Chantier perturbant;Circulation réduite;Autre;A vérifier;2;;;MULTIPOLYGON (((4.827763834557971 45.731522477932096, 4.825861332239168 45.73161311299506, 4.824263466194543 45.73165163049969, 4.823401004205569 45.73169549894955, 4.823402406364343 45.731738384000316, 4.823671149215631 45.7317126205794, 4.823770250063642 45.73174535705462, 4.825998721736465 45.731692430709806, 4.827773051152412 45.73161672666416, 4.827763834557971 45.731522477932096)))
CHANTIER_410838;INSEE_69202;pvo_patrimoine_voirie.pvochantierperturbant.410838;410838;Route de la Libération;Travaux d'assainissement;Sainte-Foy-lès-Lyon;69202;Au nord du chemin de Taffignon;2025-10-07;2026-12-31;Sens Nord/Sud;Chantier en cours;Chantier perturbant;Circulation réduite;Autre;A vérifier;2;;;MULTIPOLYGON (((4.775881178352847 45.73290862397058, 4.7762295256749425 45.732911051237316, 4.776472130888737 45.7313573647644, 4.776575148834833 45.731064657742124, 4.777416592710162 45.72961962362262, 4.777816748474308 45.729133450348534, 4.77854050528217 45.728579275042335, 4.7790117732784365 45.72820999674199, 4.778752777909885 45.72819044677418, 4.778108126181355 45.72875912142618, 4.777788777822081 45.728960802590585, 4.777988073753167 45.72851710634945, 4.778583492234749 45.72746141675531, 4.778381141172386 45.72745671389467, 4.777745818912672 45.72867037648436, 4.777592685907402 45.72915268815933, 4.7771815511174145 45.7296469000744, 4.776764190516736 45.73029855691381, 4.776245303929084 45.731290100026094, 4.776009874320371 45.732363756603156, 4.775881178352847 45.73290862397058)))
CHANTIER_413389;INSEE_69256;pvo_patrimoine_voirie.pvochantierperturbant.413389;413389;avenue Bataillon Carmagnole Liberté;Travaux chauffage urbain;Vaulx-en-Velin;69256;entre l'avenue Roger Salengro et l'allée du Stade;2026-02-02;2026-05-29;7h-17h;Chantier en cours;Chantier très perturbant;Circulation interdite;Autre;A vérifier;1;;;MULTIPOLYGON (((4.925967297565476 45.75877051390081, 4.925984816557428 45.75884701091361, 4.927347224577333 45.758775779374815, 4.927813054880407 45.75874966431742, 4.9281286243007045 45.75873390379221, 4.928154642038196 45.75873346283469, 4.928569053360107 45.75877980392731, 4.92852378861919 45.75870768198958, 4.928120528499153 45.75866115174947, 4.927845890554143 45.7586775201168, 4.927836958065456 45.75868808410508, 4.927603023514966 45.75869855626888, 4.927528373190162 45.758690709936005, 4.925967297565476 45.75877051390081)))
CHANTIER_412891;INSEE_69389;pvo_patrimoine_voirie.pvochantierperturbant.412891;412891;Rue Gorge de Loup;permis de stationnement d'urbanisme;Lyon 9e Arrondissement;69389;entre Avenue Joannès Masset et Impasse Gorge de Loup;2025-11-27;2026-10-14;;Chantier en cours;Chantier très perturbant;Circulation interdite;Autre;A vérifier;1;;;MULTIPOLYGON (((4.797998126249134 45.76917989325668, 4.79916545868698 45.76920743185366, 4.799851745064629 45.76926173136993, 4.800099536492142 45.76930380133844, 4.800727349546421 45.7694126756264, 4.800774383643087 45.76934294640786, 4.799959111848613 45.76919488043017, 4.799618767902562 45.76916960381682, 4.799119321769732 45.76913534421764, 4.79853888717469 45.76913685452856, 4.798171423324293 45.76911966673357, 4.798034092474274 45.76910650696148, 4.797998126249134 45.76917989325668)))
CHANTIER_413390;INSEE_69256;pvo_patrimoine_voirie.pvochantierperturbant.413390;413390;allée du Textile;Travaux chauffage urbain;Vaulx-en-Velin;69256;entre la rue Armand Menzikian et l'avenue Bataillon Carmagnole Liberté;2026-02-02;2026-05-29;7h-17h;Chantier en cours;Chantier très perturbant;Circulation interdite;Autre;A vérifier;1;;;MULTIPOLYGON (((4.9265938640452145 45.76097037925842, 4.926725359474918 45.760954147739746, 4.926482757454442 45.758913561828976, 4.926371070497762 45.75892385586394, 4.9265938640452145 45.76097037925842)))
CHANTIER_413388;INSEE_69256;pvo_patrimoine_voirie.pvochantierperturbant.413388;413388;Allée du stade;Travaux chauffage urbain;Vaulx-en-Velin;69256;Au droit de l'avenue Bataillon Carmagnole Liberté;2026-02-02;2026-05-29;;Chantier en cours;Chantier très perturbant;Circulation interdite;Autre;A vérifier;1;;;MULTIPOLYGON (((4.925702063668351 45.758767355214616, 4.92595506901799 45.7587533131592, 4.92594807189072 45.758697539750855, 4.925712494556705 45.75870241415444, 4.925702063668351 45.758767355214616)))
CHANTIER_413600;INSEE_69259;pvo_patrimoine_voirie.pvochantierperturbant.413600;413600;Avenue de la République;Travaux T10;Vénissieux;69259;entre la Rue Louis Aulagne et l'allée des Erables;2026-02-05;2026-05-24;;Chantier en cours;Chantier perturbant;Circulation réduite;Autre;A vérifier;2;;;MULTIPOLYGON (((4.867612598461401 45.70757298893108, 4.870079926102189 45.70728785018883, 4.870052746527057 45.70720964161677, 4.867585339972615 45.707492323131746, 4.867612598461401 45.70757298893108)))
CHANTIER_413602;INSEE_69259;pvo_patrimoine_voirie.pvochantierperturbant.413602;413602;Avenue de la République;Travaux T10;Vénissieux;69259;entre la Rue Norbert Kugler et la rue Louis Aulagne;2026-02-05;2026-04-26;;Chantier en cours;Chantier perturbant;Circulation réduite;Autre;A vérifier;2;;;MULTIPOLYGON (((4.870187594151502 45.70719912100029, 4.870211004726923 45.70727705854663, 4.8724115493639495 45.70700039562908, 4.872838259953734 45.706933256538996, 4.873484116876954 45.70681150335498, 4.874145256907996 45.70668038609811, 4.87467134004959 45.706553315178404, 4.875433653233256 45.70633855534738, 4.876002248508916 45.70616159694587, 4.876556992588843 45.705959362718254, 4.876418548403815 45.705939791043484, 4.876375418419555 45.70597146790279, 4.875864110021361 45.706151126104125, 4.875380095382797 45.706292081005124, 4.87458950756688 45.70651641337581, 4.8745344538632684 45.70650274979319, 4.873863414078509 45.706648604142984, 4.873859195093762 45.706677816828545, 4.8726854785156375 45.706873844303416, 4.871917251814626 45.70699032254097, 4.870837523594602 45.70712103064467, 4.870187594151502 45.70719912100029)))
CHANTIER_408794;INSEE_69194;pvo_patrimoine_voirie.pvochantierperturbant.408794;408794;Chemin des Epinettes;Travaux de chute d'un mur;Saint-Didier-au-Mont-d'Or;69194;Sur l'ensemble de l'axe;2025-06-10;2026-06-24;;Chantier en cours;Chantier très perturbant;Circulation interdite;Autre;A vérifier;1;;;MULTIPOLYGON (((4.805661522540703 45.8108420334946, 4.805661437519867 45.810839411320885, 4.805504098783177 45.81142424594345, 4.8055989331959115 45.811456842695655, 4.8056319101976595 45.811432711722496, 4.805815796893086 45.81131962325035, 4.806018259874048 45.81120099371554, 4.806282676914891 45.810910877372095, 4.806902771188227 45.810137702674496, 4.807013287130973 45.81007561697387, 4.807143482763415 45.81004207310772, 4.807320965474786 45.81007860292417, 4.80748966737137 45.81019134412199, 4.807583474423343 45.81030789746878, 4.807693300271478 45.8104556733368, 4.807694410391027 45.81037433818651, 4.807663482471789 45.81034597398718, 4.80745729311782 45.81011841012898, 4.807285691473806 45.81003194654153, 4.807176032833176 45.810004831718736, 4.807037914072284 45.8100253864389, 4.806916235831206 45.810090272809106, 4.806756296465559 45.810247575910815, 4.806532442851828 45.810516065386935, 4.8062730529435775 45.81084545096909, 4.806135773776887 45.81100764073353, 4.805961767450911 45.81119402087549, 4.805704428342559 45.81135549052217, 4.805633704679048 45.811372350371634, 4.805596042968556 45.81136770138777, 4.805573207422602 45.811357571172955, 4.805691769624839 45.8108494235451, 4.805661522540703 45.8108420334946)))
CHANTIER_413613;INSEE_69029;pvo_patrimoine_voirie.pvochantierperturbant.413613;413613;Rue Guillermin;Travaux BHNS;Bron;69029;;2026-03-02;2026-07-03;;Chantier en cours;Chantier perturbant;Circulation réduite;Autre;A vérifier;2;;;MULTIPOLYGON (((4.924984360218219 45.746523980387224, 4.925012632558178 45.74655523299253, 4.925009014779761 45.74658173575375, 4.925292974145287 45.746448950268494, 4.925181394090845 45.746455070047546, 4.925054983734639 45.74642547940727, 4.924984360218219 45.746523980387224)))
CHANTIER_413612;INSEE_69029;pvo_patrimoine_voirie.pvochantierperturbant.413612;413612;Route de Genas;Travaux BHNS;Bron;69029;;2026-03-02;2026-07-03;;Chantier en cours;Chantier perturbant;Circulation réduite;Autre;A vérifier;2;;;MULTIPOLYGON (((4.923574125919738 45.74711763301341, 4.923655467782006 45.747217795020624, 4.924817048589344 45.74679011564347, 4.9260933794335795 45.746341677200775, 4.926759361849226 45.74610663972731, 4.92664279909336 45.745997675496724, 4.926539288608836 45.74603327504175, 4.926525478091479 45.74602222689114, 4.925312603109228 45.74644139064165, 4.924990397035716 45.74659914990952, 4.92483967230748 45.74666751203698, 4.9248227251473615 45.74664335450256, 4.92388644614323 45.746984489420136, 4.923897766936137 45.74700122058001, 4.923611574504428 45.74711323929953, 4.923574125919738 45.74711763301341)))
CHANTIER_411816;INSEE_69266;pvo_patrimoine_voirie.pvochantierperturbant.411816;411816;Rue Michel Servet;Travaux de construction;Villeurbanne;69266;Entre le cours Emile Zola et la rue Anatole France;2025-09-30;2026-07-29;;Chantier en cours;Chantier perturbant;Circulation réduite;Autre;A vérifier;2;;;MULTIPOLYGON (((4.878897480553342 45.76836670466147, 4.878795247366432 45.76836839273638, 4.878760314661145 45.76921834660985, 4.878871099348863 45.76922425675536, 4.878897480553342 45.76836670466147)))
CHANTIER_411844;INSEE_69266;pvo_patrimoine_voirie.pvochantierperturbant.411844;411844;Rue Raoul Durand;Travaux de construction;Villeurbanne;69266;A l'Est de la rue Docteur Rollet;2025-10-06;2026-08-07;;Chantier en cours;Chantier perturbant;Circulation réduite;Autre;A vérifier;2;;;MULTIPOLYGON (((4.884952604664844 45.766960022536345, 4.885075346044653 45.76696628832427, 4.885091273536708 45.76656076762452, 4.884982219839829 45.76655012686152, 4.884952604664844 45.766960022536345)))
CHANTIER_411840;INSEE_69266;pvo_patrimoine_voirie.pvochantierperturbant.411840;411840;Rue Raoul Durand;Travaux de construction;Villeurbanne;69266;A l'Est de la rue Docteur Rollet;2025-10-06;2026-08-07;;Chantier en cours;Chantier perturbant;Circulation réduite;Autre;A vérifier;2;;;MULTIPOLYGON (((4.884965613130723 45.76673919823035, 4.885085292047027 45.76674930387097, 4.885097474205303 45.76655239089425, 4.884979589200432 45.76654884919392, 4.884965613130723 45.76673919823035)))
